Item_Code,Type,ForecastDate,Metric,Model_type,Forecast_Value
CFPO-100,Control & Reagent,2026-10-01,Quantity,3M_MA,0
CFPO-100,Control & Reagent,2026-11-01,Quantity,3M_MA,0
CFPO-100,Control & Reagent,2026-12-01,Quantity,3M_MA,0
CFPO-100,Control & Reagent,2027-01-01,Quantity,3M_MA,0
CFPO-100,Control & Reagent,2027-02-01,Quantity,3M_MA,0
CFPO-100,Control & Reagent,2027-03-01,Quantity,3M_MA,0
CFPO-100,Control & Reagent,2027-04-01,Quantity,3M_MA,0
CFPO-100,Control & Reagent,2027-05-01,Quantity,3M_MA,0
CFPO-100,Control & Reagent,2027-06-01,Quantity,3M_MA,0
CFPO-100,Control & Reagent,2027-07-01,Quantity,3M_MA,0
CFPO-100,Control & Reagent,2027-08-01,Quantity,3M_MA,0
CFPO-100,Control & Reagent,2027-09-01,Quantity,3M_MA,0
CFPO-100,Control & Reagent,2027-10-01,Quantity,3M_MA,0
CFPO-100,Control & Reagent,2027-11-01,Quantity,3M_MA,0
CFPO-100,Control & Reagent,2027-12-01,Quantity,3M_MA,0
CFPO-100,Control & Reagent,2026-10-01,Revenue,3M_MA,0
CFPO-100,Control & Reagent,2026-11-01,Revenue,3M_MA,0
CFPO-100,Control & Reagent,2026-12-01,Revenue,3M_MA,0
CFPO-100,Control & Reagent,2027-01-01,Revenue,3M_MA,0
CFPO-100,Control & Reagent,2027-02-01,Revenue,3M_MA,0
CFPO-100,Control & Reagent,2027-03-01,Revenue,3M_MA,0
CFPO-100,Control & Reagent,2027-04-01,Revenue,3M_MA,0
CFPO-100,Control & Reagent,2027-05-01,Revenue,3M_MA,0
CFPO-100,Control & Reagent,2027-06-01,Revenue,3M_MA,0
CFPO-100,Control & Reagent,2027-07-01,Revenue,3M_MA,0
CFPO-100,Control & Reagent,2027-08-01,Revenue,3M_MA,0
CFPO-100,Control & Reagent,2027-09-01,Revenue,3M_MA,0
CFPO-100,Control & Reagent,2027-10-01,Revenue,3M_MA,0
CFPO-100,Control & Reagent,2027-11-01,Revenue,3M_MA,0
CFPO-100,Control & Reagent,2027-12-01,Revenue,3M_MA,0
CFPO-102,Control & Reagent,2026-10-01,Quantity,3M_MA,0.3333333333333333
CFPO-102,Control & Reagent,2026-11-01,Quantity,3M_MA,0.3333333333333333
CFPO-102,Control & Reagent,2026-12-01,Quantity,3M_MA,0.3333333333333333
CFPO-102,Control & Reagent,2027-01-01,Quantity,3M_MA,0.3333333333333333
CFPO-102,Control & Reagent,2027-02-01,Quantity,3M_MA,0.3333333333333333
CFPO-102,Control & Reagent,2027-03-01,Quantity,3M_MA,0.3333333333333333
CFPO-102,Control & Reagent,2027-04-01,Quantity,3M_MA,0.3333333333333333
CFPO-102,Control & Reagent,2027-05-01,Quantity,3M_MA,0.3333333333333333
CFPO-102,Control & Reagent,2027-06-01,Quantity,3M_MA,0.3333333333333333
CFPO-102,Control & Reagent,2027-07-01,Quantity,3M_MA,0.3333333333333333
CFPO-102,Control & Reagent,2027-08-01,Quantity,3M_MA,0.3333333333333333
CFPO-102,Control & Reagent,2027-09-01,Quantity,3M_MA,0.3333333333333333
CFPO-102,Control & Reagent,2027-10-01,Quantity,3M_MA,0.3333333333333333
CFPO-102,Control & Reagent,2027-11-01,Quantity,3M_MA,0.3333333333333333
CFPO-102,Control & Reagent,2027-12-01,Quantity,3M_MA,0.3333333333333333
CFPO-102,Control & Reagent,2026-10-01,Revenue,3M_MA,66.66666666666667
CFPO-102,Control & Reagent,2026-11-01,Revenue,3M_MA,66.66666666666667
CFPO-102,Control & Reagent,2026-12-01,Revenue,3M_MA,66.66666666666667
CFPO-102,Control & Reagent,2027-01-01,Revenue,3M_MA,66.66666666666667
CFPO-102,Control & Reagent,2027-02-01,Revenue,3M_MA,66.66666666666667
CFPO-102,Control & Reagent,2027-03-01,Revenue,3M_MA,66.66666666666667
CFPO-102,Control & Reagent,2027-04-01,Revenue,3M_MA,66.66666666666667
CFPO-102,Control & Reagent,2027-05-01,Revenue,3M_MA,66.66666666666667
CFPO-102,Control & Reagent,2027-06-01,Revenue,3M_MA,66.66666666666667
CFPO-102,Control & Reagent,2027-07-01,Revenue,3M_MA,66.66666666666667
CFPO-102,Control & Reagent,2027-08-01,Revenue,3M_MA,66.66666666666667
CFPO-102,Control & Reagent,2027-09-01,Revenue,3M_MA,66.66666666666667
CFPO-102,Control & Reagent,2027-10-01,Revenue,3M_MA,66.66666666666667
CFPO-102,Control & Reagent,2027-11-01,Revenue,3M_MA,66.66666666666667
CFPO-102,Control & Reagent,2027-12-01,Revenue,3M_MA,66.66666666666667
CFPO-206,Control & Reagent,2026-10-01,Quantity,3M_MA,7
CFPO-206,Control & Reagent,2026-11-01,Quantity,3M_MA,7
CFPO-206,Control & Reagent,2026-12-01,Quantity,3M_MA,7
CFPO-206,Control & Reagent,2027-01-01,Quantity,3M_MA,7
CFPO-206,Control & Reagent,2027-02-01,Quantity,3M_MA,7
CFPO-206,Control & Reagent,2027-03-01,Quantity,3M_MA,7
CFPO-206,Control & Reagent,2027-04-01,Quantity,3M_MA,7
CFPO-206,Control & Reagent,2027-05-01,Quantity,3M_MA,7
CFPO-206,Control & Reagent,2027-06-01,Quantity,3M_MA,7
CFPO-206,Control & Reagent,2027-07-01,Quantity,3M_MA,7
CFPO-206,Control & Reagent,2027-08-01,Quantity,3M_MA,7
CFPO-206,Control & Reagent,2027-09-01,Quantity,3M_MA,7
CFPO-206,Control & Reagent,2027-10-01,Quantity,3M_MA,7
CFPO-206,Control & Reagent,2027-11-01,Quantity,3M_MA,7
CFPO-206,Control & Reagent,2027-12-01,Quantity,3M_MA,7
CFPO-206,Control & Reagent,2026-10-01,Revenue,3M_MA,0
CFPO-206,Control & Reagent,2026-11-01,Revenue,3M_MA,0
CFPO-206,Control & Reagent,2026-12-01,Revenue,3M_MA,0
CFPO-206,Control & Reagent,2027-01-01,Revenue,3M_MA,0
CFPO-206,Control & Reagent,2027-02-01,Revenue,3M_MA,0
CFPO-206,Control & Reagent,2027-03-01,Revenue,3M_MA,0
CFPO-206,Control & Reagent,2027-04-01,Revenue,3M_MA,0
CFPO-206,Control & Reagent,2027-05-01,Revenue,3M_MA,0
CFPO-206,Control & Reagent,2027-06-01,Revenue,3M_MA,0
CFPO-206,Control & Reagent,2027-07-01,Revenue,3M_MA,0
CFPO-206,Control & Reagent,2027-08-01,Revenue,3M_MA,0
CFPO-206,Control & Reagent,2027-09-01,Revenue,3M_MA,0
CFPO-206,Control & Reagent,2027-10-01,Revenue,3M_MA,0
CFPO-206,Control & Reagent,2027-11-01,Revenue,3M_MA,0
CFPO-206,Control & Reagent,2027-12-01,Revenue,3M_MA,0
CFPO-212,Control & Reagent,2026-10-01,Quantity,3M_MA,1
CFPO-212,Control & Reagent,2026-11-01,Quantity,3M_MA,1
CFPO-212,Control & Reagent,2026-12-01,Quantity,3M_MA,1
CFPO-212,Control & Reagent,2027-01-01,Quantity,3M_MA,1
CFPO-212,Control & Reagent,2027-02-01,Quantity,3M_MA,1
CFPO-212,Control & Reagent,2027-03-01,Quantity,3M_MA,1
CFPO-212,Control & Reagent,2027-04-01,Quantity,3M_MA,1
CFPO-212,Control & Reagent,2027-05-01,Quantity,3M_MA,1
CFPO-212,Control & Reagent,2027-06-01,Quantity,3M_MA,1
CFPO-212,Control & Reagent,2027-07-01,Quantity,3M_MA,1
CFPO-212,Control & Reagent,2027-08-01,Quantity,3M_MA,1
CFPO-212,Control & Reagent,2027-09-01,Quantity,3M_MA,1
CFPO-212,Control & Reagent,2027-10-01,Quantity,3M_MA,1
CFPO-212,Control & Reagent,2027-11-01,Quantity,3M_MA,1
CFPO-212,Control & Reagent,2027-12-01,Quantity,3M_MA,1
CFPO-212,Control & Reagent,2026-10-01,Revenue,3M_MA,200
CFPO-212,Control & Reagent,2026-11-01,Revenue,3M_MA,200
CFPO-212,Control & Reagent,2026-12-01,Revenue,3M_MA,200
CFPO-212,Control & Reagent,2027-01-01,Revenue,3M_MA,200
CFPO-212,Control & Reagent,2027-02-01,Revenue,3M_MA,200
CFPO-212,Control & Reagent,2027-03-01,Revenue,3M_MA,200
CFPO-212,Control & Reagent,2027-04-01,Revenue,3M_MA,200
CFPO-212,Control & Reagent,2027-05-01,Revenue,3M_MA,200
CFPO-212,Control & Reagent,2027-06-01,Revenue,3M_MA,200
CFPO-212,Control & Reagent,2027-07-01,Revenue,3M_MA,200
CFPO-212,Control & Reagent,2027-08-01,Revenue,3M_MA,200
CFPO-212,Control & Reagent,2027-09-01,Revenue,3M_MA,200
CFPO-212,Control & Reagent,2027-10-01,Revenue,3M_MA,200
CFPO-212,Control & Reagent,2027-11-01,Revenue,3M_MA,200
CFPO-212,Control & Reagent,2027-12-01,Revenue,3M_MA,200
CFPO-214,Control & Reagent,2026-10-01,Quantity,3M_MA,0.6666666666666666
CFPO-214,Control & Reagent,2026-11-01,Quantity,3M_MA,0.6666666666666666
CFPO-214,Control & Reagent,2026-12-01,Quantity,3M_MA,0.6666666666666666
CFPO-214,Control & Reagent,2027-01-01,Quantity,3M_MA,0.6666666666666666
CFPO-214,Control & Reagent,2027-02-01,Quantity,3M_MA,0.6666666666666666
CFPO-214,Control & Reagent,2027-03-01,Quantity,3M_MA,0.6666666666666666
CFPO-214,Control & Reagent,2027-04-01,Quantity,3M_MA,0.6666666666666666
CFPO-214,Control & Reagent,2027-05-01,Quantity,3M_MA,0.6666666666666666
CFPO-214,Control & Reagent,2027-06-01,Quantity,3M_MA,0.6666666666666666
CFPO-214,Control & Reagent,2027-07-01,Quantity,3M_MA,0.6666666666666666
CFPO-214,Control & Reagent,2027-08-01,Quantity,3M_MA,0.6666666666666666
CFPO-214,Control & Reagent,2027-09-01,Quantity,3M_MA,0.6666666666666666
CFPO-214,Control & Reagent,2027-10-01,Quantity,3M_MA,0.6666666666666666
CFPO-214,Control & Reagent,2027-11-01,Quantity,3M_MA,0.6666666666666666
CFPO-214,Control & Reagent,2027-12-01,Quantity,3M_MA,0.6666666666666666
CFPO-214,Control & Reagent,2026-10-01,Revenue,3M_MA,133.33333333333334
CFPO-214,Control & Reagent,2026-11-01,Revenue,3M_MA,133.33333333333334
CFPO-214,Control & Reagent,2026-12-01,Revenue,3M_MA,133.33333333333334
CFPO-214,Control & Reagent,2027-01-01,Revenue,3M_MA,133.33333333333334
CFPO-214,Control & Reagent,2027-02-01,Revenue,3M_MA,133.33333333333334
CFPO-214,Control & Reagent,2027-03-01,Revenue,3M_MA,133.33333333333334
CFPO-214,Control & Reagent,2027-04-01,Revenue,3M_MA,133.33333333333334
CFPO-214,Control & Reagent,2027-05-01,Revenue,3M_MA,133.33333333333334
CFPO-214,Control & Reagent,2027-06-01,Revenue,3M_MA,133.33333333333334
CFPO-214,Control & Reagent,2027-07-01,Revenue,3M_MA,133.33333333333334
CFPO-214,Control & Reagent,2027-08-01,Revenue,3M_MA,133.33333333333334
CFPO-214,Control & Reagent,2027-09-01,Revenue,3M_MA,133.33333333333334
CFPO-214,Control & Reagent,2027-10-01,Revenue,3M_MA,133.33333333333334
CFPO-214,Control & Reagent,2027-11-01,Revenue,3M_MA,133.33333333333334
CFPO-214,Control & Reagent,2027-12-01,Revenue,3M_MA,133.33333333333334
CFPO-232,Control & Reagent,2026-10-01,Quantity,3M_MA,0
CFPO-232,Control & Reagent,2026-11-01,Quantity,3M_MA,0
CFPO-232,Control & Reagent,2026-12-01,Quantity,3M_MA,0
CFPO-232,Control & Reagent,2027-01-01,Quantity,3M_MA,0
CFPO-232,Control & Reagent,2027-02-01,Quantity,3M_MA,0
CFPO-232,Control & Reagent,2027-03-01,Quantity,3M_MA,0
CFPO-232,Control & Reagent,2027-04-01,Quantity,3M_MA,0
CFPO-232,Control & Reagent,2027-05-01,Quantity,3M_MA,0
CFPO-232,Control & Reagent,2027-06-01,Quantity,3M_MA,0
CFPO-232,Control & Reagent,2027-07-01,Quantity,3M_MA,0
CFPO-232,Control & Reagent,2027-08-01,Quantity,3M_MA,0
CFPO-232,Control & Reagent,2027-09-01,Quantity,3M_MA,0
CFPO-232,Control & Reagent,2027-10-01,Quantity,3M_MA,0
CFPO-232,Control & Reagent,2027-11-01,Quantity,3M_MA,0
CFPO-232,Control & Reagent,2027-12-01,Quantity,3M_MA,0
CFPO-232,Control & Reagent,2026-10-01,Revenue,3M_MA,0
CFPO-232,Control & Reagent,2026-11-01,Revenue,3M_MA,0
CFPO-232,Control & Reagent,2026-12-01,Revenue,3M_MA,0
CFPO-232,Control & Reagent,2027-01-01,Revenue,3M_MA,0
CFPO-232,Control & Reagent,2027-02-01,Revenue,3M_MA,0
CFPO-232,Control & Reagent,2027-03-01,Revenue,3M_MA,0
CFPO-232,Control & Reagent,2027-04-01,Revenue,3M_MA,0
CFPO-232,Control & Reagent,2027-05-01,Revenue,3M_MA,0
CFPO-232,Control & Reagent,2027-06-01,Revenue,3M_MA,0
CFPO-232,Control & Reagent,2027-07-01,Revenue,3M_MA,0
CFPO-232,Control & Reagent,2027-08-01,Revenue,3M_MA,0
CFPO-232,Control & Reagent,2027-09-01,Revenue,3M_MA,0
CFPO-232,Control & Reagent,2027-10-01,Revenue,3M_MA,0
CFPO-232,Control & Reagent,2027-11-01,Revenue,3M_MA,0
CFPO-232,Control & Reagent,2027-12-01,Revenue,3M_MA,0
CFPO-238,Control & Reagent,2026-10-01,Quantity,3M_MA,0
CFPO-238,Control & Reagent,2026-11-01,Quantity,3M_MA,0
CFPO-238,Control & Reagent,2026-12-01,Quantity,3M_MA,0
CFPO-238,Control & Reagent,2027-01-01,Quantity,3M_MA,0
CFPO-238,Control & Reagent,2027-02-01,Quantity,3M_MA,0
CFPO-238,Control & Reagent,2027-03-01,Quantity,3M_MA,0
CFPO-238,Control & Reagent,2027-04-01,Quantity,3M_MA,0
CFPO-238,Control & Reagent,2027-05-01,Quantity,3M_MA,0
CFPO-238,Control & Reagent,2027-06-01,Quantity,3M_MA,0
CFPO-238,Control & Reagent,2027-07-01,Quantity,3M_MA,0
CFPO-238,Control & Reagent,2027-08-01,Quantity,3M_MA,0
CFPO-238,Control & Reagent,2027-09-01,Quantity,3M_MA,0
CFPO-238,Control & Reagent,2027-10-01,Quantity,3M_MA,0
CFPO-238,Control & Reagent,2027-11-01,Quantity,3M_MA,0
CFPO-238,Control & Reagent,2027-12-01,Quantity,3M_MA,0
CFPO-238,Control & Reagent,2026-10-01,Revenue,3M_MA,0
CFPO-238,Control & Reagent,2026-11-01,Revenue,3M_MA,0
CFPO-238,Control & Reagent,2026-12-01,Revenue,3M_MA,0
CFPO-238,Control & Reagent,2027-01-01,Revenue,3M_MA,0
CFPO-238,Control & Reagent,2027-02-01,Revenue,3M_MA,0
CFPO-238,Control & Reagent,2027-03-01,Revenue,3M_MA,0
CFPO-238,Control & Reagent,2027-04-01,Revenue,3M_MA,0
CFPO-238,Control & Reagent,2027-05-01,Revenue,3M_MA,0
CFPO-238,Control & Reagent,2027-06-01,Revenue,3M_MA,0
CFPO-238,Control & Reagent,2027-07-01,Revenue,3M_MA,0
CFPO-238,Control & Reagent,2027-08-01,Revenue,3M_MA,0
CFPO-238,Control & Reagent,2027-09-01,Revenue,3M_MA,0
CFPO-238,Control & Reagent,2027-10-01,Revenue,3M_MA,0
CFPO-238,Control & Reagent,2027-11-01,Revenue,3M_MA,0
CFPO-238,Control & Reagent,2027-12-01,Revenue,3M_MA,0
CFPO-239,Control & Reagent,2026-10-01,Quantity,3M_MA,0
CFPO-239,Control & Reagent,2026-11-01,Quantity,3M_MA,0
CFPO-239,Control & Reagent,2026-12-01,Quantity,3M_MA,0
CFPO-239,Control & Reagent,2027-01-01,Quantity,3M_MA,0
CFPO-239,Control & Reagent,2027-02-01,Quantity,3M_MA,0
CFPO-239,Control & Reagent,2027-03-01,Quantity,3M_MA,0
CFPO-239,Control & Reagent,2027-04-01,Quantity,3M_MA,0
CFPO-239,Control & Reagent,2027-05-01,Quantity,3M_MA,0
CFPO-239,Control & Reagent,2027-06-01,Quantity,3M_MA,0
CFPO-239,Control & Reagent,2027-07-01,Quantity,3M_MA,0
CFPO-239,Control & Reagent,2027-08-01,Quantity,3M_MA,0
CFPO-239,Control & Reagent,2027-09-01,Quantity,3M_MA,0
CFPO-239,Control & Reagent,2027-10-01,Quantity,3M_MA,0
CFPO-239,Control & Reagent,2027-11-01,Quantity,3M_MA,0
CFPO-239,Control & Reagent,2027-12-01,Quantity,3M_MA,0
CFPO-239,Control & Reagent,2026-10-01,Revenue,3M_MA,0
CFPO-239,Control & Reagent,2026-11-01,Revenue,3M_MA,0
CFPO-239,Control & Reagent,2026-12-01,Revenue,3M_MA,0
CFPO-239,Control & Reagent,2027-01-01,Revenue,3M_MA,0
CFPO-239,Control & Reagent,2027-02-01,Revenue,3M_MA,0
CFPO-239,Control & Reagent,2027-03-01,Revenue,3M_MA,0
CFPO-239,Control & Reagent,2027-04-01,Revenue,3M_MA,0
CFPO-239,Control & Reagent,2027-05-01,Revenue,3M_MA,0
CFPO-239,Control & Reagent,2027-06-01,Revenue,3M_MA,0
CFPO-239,Control & Reagent,2027-07-01,Revenue,3M_MA,0
CFPO-239,Control & Reagent,2027-08-01,Revenue,3M_MA,0
CFPO-239,Control & Reagent,2027-09-01,Revenue,3M_MA,0
CFPO-239,Control & Reagent,2027-10-01,Revenue,3M_MA,0
CFPO-239,Control & Reagent,2027-11-01,Revenue,3M_MA,0
CFPO-239,Control & Reagent,2027-12-01,Revenue,3M_MA,0
CFPO-243,Control & Reagent,2026-10-01,Quantity,3M_MA,0.3333333333333333
CFPO-243,Control & Reagent,2026-11-01,Quantity,3M_MA,0.3333333333333333
CFPO-243,Control & Reagent,2026-12-01,Quantity,3M_MA,0.3333333333333333
CFPO-243,Control & Reagent,2027-01-01,Quantity,3M_MA,0.3333333333333333
CFPO-243,Control & Reagent,2027-02-01,Quantity,3M_MA,0.3333333333333333
CFPO-243,Control & Reagent,2027-03-01,Quantity,3M_MA,0.3333333333333333
CFPO-243,Control & Reagent,2027-04-01,Quantity,3M_MA,0.3333333333333333
CFPO-243,Control & Reagent,2027-05-01,Quantity,3M_MA,0.3333333333333333
CFPO-243,Control & Reagent,2027-06-01,Quantity,3M_MA,0.3333333333333333
CFPO-243,Control & Reagent,2027-07-01,Quantity,3M_MA,0.3333333333333333
CFPO-243,Control & Reagent,2027-08-01,Quantity,3M_MA,0.3333333333333333
CFPO-243,Control & Reagent,2027-09-01,Quantity,3M_MA,0.3333333333333333
CFPO-243,Control & Reagent,2027-10-01,Quantity,3M_MA,0.3333333333333333
CFPO-243,Control & Reagent,2027-11-01,Quantity,3M_MA,0.3333333333333333
CFPO-243,Control & Reagent,2027-12-01,Quantity,3M_MA,0.3333333333333333
CFPO-243,Control & Reagent,2026-10-01,Revenue,3M_MA,133.33333333333334
CFPO-243,Control & Reagent,2026-11-01,Revenue,3M_MA,133.33333333333334
CFPO-243,Control & Reagent,2026-12-01,Revenue,3M_MA,133.33333333333334
CFPO-243,Control & Reagent,2027-01-01,Revenue,3M_MA,133.33333333333334
CFPO-243,Control & Reagent,2027-02-01,Revenue,3M_MA,133.33333333333334
CFPO-243,Control & Reagent,2027-03-01,Revenue,3M_MA,133.33333333333334
CFPO-243,Control & Reagent,2027-04-01,Revenue,3M_MA,133.33333333333334
CFPO-243,Control & Reagent,2027-05-01,Revenue,3M_MA,133.33333333333334
CFPO-243,Control & Reagent,2027-06-01,Revenue,3M_MA,133.33333333333334
CFPO-243,Control & Reagent,2027-07-01,Revenue,3M_MA,133.33333333333334
CFPO-243,Control & Reagent,2027-08-01,Revenue,3M_MA,133.33333333333334
CFPO-243,Control & Reagent,2027-09-01,Revenue,3M_MA,133.33333333333334
CFPO-243,Control & Reagent,2027-10-01,Revenue,3M_MA,133.33333333333334
CFPO-243,Control & Reagent,2027-11-01,Revenue,3M_MA,133.33333333333334
CFPO-243,Control & Reagent,2027-12-01,Revenue,3M_MA,133.33333333333334
CFPO-245,Control & Reagent,2026-10-01,Quantity,3M_MA,0
CFPO-245,Control & Reagent,2026-11-01,Quantity,3M_MA,0
CFPO-245,Control & Reagent,2026-12-01,Quantity,3M_MA,0
CFPO-245,Control & Reagent,2027-01-01,Quantity,3M_MA,0
CFPO-245,Control & Reagent,2027-02-01,Quantity,3M_MA,0
CFPO-245,Control & Reagent,2027-03-01,Quantity,3M_MA,0
CFPO-245,Control & Reagent,2027-04-01,Quantity,3M_MA,0
CFPO-245,Control & Reagent,2027-05-01,Quantity,3M_MA,0
CFPO-245,Control & Reagent,2027-06-01,Quantity,3M_MA,0
CFPO-245,Control & Reagent,2027-07-01,Quantity,3M_MA,0
CFPO-245,Control & Reagent,2027-08-01,Quantity,3M_MA,0
CFPO-245,Control & Reagent,2027-09-01,Quantity,3M_MA,0
CFPO-245,Control & Reagent,2027-10-01,Quantity,3M_MA,0
CFPO-245,Control & Reagent,2027-11-01,Quantity,3M_MA,0
CFPO-245,Control & Reagent,2027-12-01,Quantity,3M_MA,0
CFPO-245,Control & Reagent,2026-10-01,Revenue,3M_MA,0
CFPO-245,Control & Reagent,2026-11-01,Revenue,3M_MA,0
CFPO-245,Control & Reagent,2026-12-01,Revenue,3M_MA,0
CFPO-245,Control & Reagent,2027-01-01,Revenue,3M_MA,0
CFPO-245,Control & Reagent,2027-02-01,Revenue,3M_MA,0
CFPO-245,Control & Reagent,2027-03-01,Revenue,3M_MA,0
CFPO-245,Control & Reagent,2027-04-01,Revenue,3M_MA,0
CFPO-245,Control & Reagent,2027-05-01,Revenue,3M_MA,0
CFPO-245,Control & Reagent,2027-06-01,Revenue,3M_MA,0
CFPO-245,Control & Reagent,2027-07-01,Revenue,3M_MA,0
CFPO-245,Control & Reagent,2027-08-01,Revenue,3M_MA,0
CFPO-245,Control & Reagent,2027-09-01,Revenue,3M_MA,0
CFPO-245,Control & Reagent,2027-10-01,Revenue,3M_MA,0
CFPO-245,Control & Reagent,2027-11-01,Revenue,3M_MA,0
CFPO-245,Control & Reagent,2027-12-01,Revenue,3M_MA,0
CFPO-294,Control & Reagent,2026-10-01,Quantity,3M_MA,0
CFPO-294,Control & Reagent,2026-11-01,Quantity,3M_MA,0
CFPO-294,Control & Reagent,2026-12-01,Quantity,3M_MA,0
CFPO-294,Control & Reagent,2027-01-01,Quantity,3M_MA,0
CFPO-294,Control & Reagent,2027-02-01,Quantity,3M_MA,0
CFPO-294,Control & Reagent,2027-03-01,Quantity,3M_MA,0
CFPO-294,Control & Reagent,2027-04-01,Quantity,3M_MA,0
CFPO-294,Control & Reagent,2027-05-01,Quantity,3M_MA,0
CFPO-294,Control & Reagent,2027-06-01,Quantity,3M_MA,0
CFPO-294,Control & Reagent,2027-07-01,Quantity,3M_MA,0
CFPO-294,Control & Reagent,2027-08-01,Quantity,3M_MA,0
CFPO-294,Control & Reagent,2027-09-01,Quantity,3M_MA,0
CFPO-294,Control & Reagent,2027-10-01,Quantity,3M_MA,0
CFPO-294,Control & Reagent,2027-11-01,Quantity,3M_MA,0
CFPO-294,Control & Reagent,2027-12-01,Quantity,3M_MA,0
CFPO-294,Control & Reagent,2026-10-01,Revenue,3M_MA,0
CFPO-294,Control & Reagent,2026-11-01,Revenue,3M_MA,0
CFPO-294,Control & Reagent,2026-12-01,Revenue,3M_MA,0
CFPO-294,Control & Reagent,2027-01-01,Revenue,3M_MA,0
CFPO-294,Control & Reagent,2027-02-01,Revenue,3M_MA,0
CFPO-294,Control & Reagent,2027-03-01,Revenue,3M_MA,0
CFPO-294,Control & Reagent,2027-04-01,Revenue,3M_MA,0
CFPO-294,Control & Reagent,2027-05-01,Revenue,3M_MA,0
CFPO-294,Control & Reagent,2027-06-01,Revenue,3M_MA,0
CFPO-294,Control & Reagent,2027-07-01,Revenue,3M_MA,0
CFPO-294,Control & Reagent,2027-08-01,Revenue,3M_MA,0
CFPO-294,Control & Reagent,2027-09-01,Revenue,3M_MA,0
CFPO-294,Control & Reagent,2027-10-01,Revenue,3M_MA,0
CFPO-294,Control & Reagent,2027-11-01,Revenue,3M_MA,0
CFPO-294,Control & Reagent,2027-12-01,Revenue,3M_MA,0
CFPO-299,Control & Reagent,2026-10-01,Quantity,3M_MA,0.6666666666666666
CFPO-299,Control & Reagent,2026-11-01,Quantity,3M_MA,0.6666666666666666
CFPO-299,Control & Reagent,2026-12-01,Quantity,3M_MA,0.6666666666666666
CFPO-299,Control & Reagent,2027-01-01,Quantity,3M_MA,0.6666666666666666
CFPO-299,Control & Reagent,2027-02-01,Quantity,3M_MA,0.6666666666666666
CFPO-299,Control & Reagent,2027-03-01,Quantity,3M_MA,0.6666666666666666
CFPO-299,Control & Reagent,2027-04-01,Quantity,3M_MA,0.6666666666666666
CFPO-299,Control & Reagent,2027-05-01,Quantity,3M_MA,0.6666666666666666
CFPO-299,Control & Reagent,2027-06-01,Quantity,3M_MA,0.6666666666666666
CFPO-299,Control & Reagent,2027-07-01,Quantity,3M_MA,0.6666666666666666
CFPO-299,Control & Reagent,2027-08-01,Quantity,3M_MA,0.6666666666666666
CFPO-299,Control & Reagent,2027-09-01,Quantity,3M_MA,0.6666666666666666
CFPO-299,Control & Reagent,2027-10-01,Quantity,3M_MA,0.6666666666666666
CFPO-299,Control & Reagent,2027-11-01,Quantity,3M_MA,0.6666666666666666
CFPO-299,Control & Reagent,2027-12-01,Quantity,3M_MA,0.6666666666666666
CFPO-299,Control & Reagent,2026-10-01,Revenue,3M_MA,226.66666666666666
CFPO-299,Control & Reagent,2026-11-01,Revenue,3M_MA,226.66666666666666
CFPO-299,Control & Reagent,2026-12-01,Revenue,3M_MA,226.66666666666666
CFPO-299,Control & Reagent,2027-01-01,Revenue,3M_MA,226.66666666666666
CFPO-299,Control & Reagent,2027-02-01,Revenue,3M_MA,226.66666666666666
CFPO-299,Control & Reagent,2027-03-01,Revenue,3M_MA,226.66666666666666
CFPO-299,Control & Reagent,2027-04-01,Revenue,3M_MA,226.66666666666666
CFPO-299,Control & Reagent,2027-05-01,Revenue,3M_MA,226.66666666666666
CFPO-299,Control & Reagent,2027-06-01,Revenue,3M_MA,226.66666666666666
CFPO-299,Control & Reagent,2027-07-01,Revenue,3M_MA,226.66666666666666
CFPO-299,Control & Reagent,2027-08-01,Revenue,3M_MA,226.66666666666666
CFPO-299,Control & Reagent,2027-09-01,Revenue,3M_MA,226.66666666666666
CFPO-299,Control & Reagent,2027-10-01,Revenue,3M_MA,226.66666666666666
CFPO-299,Control & Reagent,2027-11-01,Revenue,3M_MA,226.66666666666666
CFPO-299,Control & Reagent,2027-12-01,Revenue,3M_MA,226.66666666666666
CFPO-300,Control & Reagent,2026-10-01,Quantity,3M_MA,0.3333333333333333
CFPO-300,Control & Reagent,2026-11-01,Quantity,3M_MA,0.3333333333333333
CFPO-300,Control & Reagent,2026-12-01,Quantity,3M_MA,0.3333333333333333
CFPO-300,Control & Reagent,2027-01-01,Quantity,3M_MA,0.3333333333333333
CFPO-300,Control & Reagent,2027-02-01,Quantity,3M_MA,0.3333333333333333
CFPO-300,Control & Reagent,2027-03-01,Quantity,3M_MA,0.3333333333333333
CFPO-300,Control & Reagent,2027-04-01,Quantity,3M_MA,0.3333333333333333
CFPO-300,Control & Reagent,2027-05-01,Quantity,3M_MA,0.3333333333333333
CFPO-300,Control & Reagent,2027-06-01,Quantity,3M_MA,0.3333333333333333
CFPO-300,Control & Reagent,2027-07-01,Quantity,3M_MA,0.3333333333333333
CFPO-300,Control & Reagent,2027-08-01,Quantity,3M_MA,0.3333333333333333
CFPO-300,Control & Reagent,2027-09-01,Quantity,3M_MA,0.3333333333333333
CFPO-300,Control & Reagent,2027-10-01,Quantity,3M_MA,0.3333333333333333
CFPO-300,Control & Reagent,2027-11-01,Quantity,3M_MA,0.3333333333333333
CFPO-300,Control & Reagent,2027-12-01,Quantity,3M_MA,0.3333333333333333
CFPO-300,Control & Reagent,2026-10-01,Revenue,3M_MA,66.66666666666667
CFPO-300,Control & Reagent,2026-11-01,Revenue,3M_MA,66.66666666666667
CFPO-300,Control & Reagent,2026-12-01,Revenue,3M_MA,66.66666666666667
CFPO-300,Control & Reagent,2027-01-01,Revenue,3M_MA,66.66666666666667
CFPO-300,Control & Reagent,2027-02-01,Revenue,3M_MA,66.66666666666667
CFPO-300,Control & Reagent,2027-03-01,Revenue,3M_MA,66.66666666666667
CFPO-300,Control & Reagent,2027-04-01,Revenue,3M_MA,66.66666666666667
CFPO-300,Control & Reagent,2027-05-01,Revenue,3M_MA,66.66666666666667
CFPO-300,Control & Reagent,2027-06-01,Revenue,3M_MA,66.66666666666667
CFPO-300,Control & Reagent,2027-07-01,Revenue,3M_MA,66.66666666666667
CFPO-300,Control & Reagent,2027-08-01,Revenue,3M_MA,66.66666666666667
CFPO-300,Control & Reagent,2027-09-01,Revenue,3M_MA,66.66666666666667
CFPO-300,Control & Reagent,2027-10-01,Revenue,3M_MA,66.66666666666667
CFPO-300,Control & Reagent,2027-11-01,Revenue,3M_MA,66.66666666666667
CFPO-300,Control & Reagent,2027-12-01,Revenue,3M_MA,66.66666666666667
CFPO-306,Control & Reagent,2026-10-01,Quantity,3M_MA,0
CFPO-306,Control & Reagent,2026-11-01,Quantity,3M_MA,0
CFPO-306,Control & Reagent,2026-12-01,Quantity,3M_MA,0
CFPO-306,Control & Reagent,2027-01-01,Quantity,3M_MA,0
CFPO-306,Control & Reagent,2027-02-01,Quantity,3M_MA,0
CFPO-306,Control & Reagent,2027-03-01,Quantity,3M_MA,0
CFPO-306,Control & Reagent,2027-04-01,Quantity,3M_MA,0
CFPO-306,Control & Reagent,2027-05-01,Quantity,3M_MA,0
CFPO-306,Control & Reagent,2027-06-01,Quantity,3M_MA,0
CFPO-306,Control & Reagent,2027-07-01,Quantity,3M_MA,0
CFPO-306,Control & Reagent,2027-08-01,Quantity,3M_MA,0
CFPO-306,Control & Reagent,2027-09-01,Quantity,3M_MA,0
CFPO-306,Control & Reagent,2027-10-01,Quantity,3M_MA,0
CFPO-306,Control & Reagent,2027-11-01,Quantity,3M_MA,0
CFPO-306,Control & Reagent,2027-12-01,Quantity,3M_MA,0
CFPO-306,Control & Reagent,2026-10-01,Revenue,3M_MA,0
CFPO-306,Control & Reagent,2026-11-01,Revenue,3M_MA,0
CFPO-306,Control & Reagent,2026-12-01,Revenue,3M_MA,0
CFPO-306,Control & Reagent,2027-01-01,Revenue,3M_MA,0
CFPO-306,Control & Reagent,2027-02-01,Revenue,3M_MA,0
CFPO-306,Control & Reagent,2027-03-01,Revenue,3M_MA,0
CFPO-306,Control & Reagent,2027-04-01,Revenue,3M_MA,0
CFPO-306,Control & Reagent,2027-05-01,Revenue,3M_MA,0
CFPO-306,Control & Reagent,2027-06-01,Revenue,3M_MA,0
CFPO-306,Control & Reagent,2027-07-01,Revenue,3M_MA,0
CFPO-306,Control & Reagent,2027-08-01,Revenue,3M_MA,0
CFPO-306,Control & Reagent,2027-09-01,Revenue,3M_MA,0
CFPO-306,Control & Reagent,2027-10-01,Revenue,3M_MA,0
CFPO-306,Control & Reagent,2027-11-01,Revenue,3M_MA,0
CFPO-306,Control & Reagent,2027-12-01,Revenue,3M_MA,0
CFPO-366,Control & Reagent,2026-10-01,Quantity,3M_MA,0.3333333333333333
CFPO-366,Control & Reagent,2026-11-01,Quantity,3M_MA,0.3333333333333333
CFPO-366,Control & Reagent,2026-12-01,Quantity,3M_MA,0.3333333333333333
CFPO-366,Control & Reagent,2027-01-01,Quantity,3M_MA,0.3333333333333333
CFPO-366,Control & Reagent,2027-02-01,Quantity,3M_MA,0.3333333333333333
CFPO-366,Control & Reagent,2027-03-01,Quantity,3M_MA,0.3333333333333333
CFPO-366,Control & Reagent,2027-04-01,Quantity,3M_MA,0.3333333333333333
CFPO-366,Control & Reagent,2027-05-01,Quantity,3M_MA,0.3333333333333333
CFPO-366,Control & Reagent,2027-06-01,Quantity,3M_MA,0.3333333333333333
CFPO-366,Control & Reagent,2027-07-01,Quantity,3M_MA,0.3333333333333333
CFPO-366,Control & Reagent,2027-08-01,Quantity,3M_MA,0.3333333333333333
CFPO-366,Control & Reagent,2027-09-01,Quantity,3M_MA,0.3333333333333333
CFPO-366,Control & Reagent,2027-10-01,Quantity,3M_MA,0.3333333333333333
CFPO-366,Control & Reagent,2027-11-01,Quantity,3M_MA,0.3333333333333333
CFPO-366,Control & Reagent,2027-12-01,Quantity,3M_MA,0.3333333333333333
CFPO-366,Control & Reagent,2026-10-01,Revenue,3M_MA,160
CFPO-366,Control & Reagent,2026-11-01,Revenue,3M_MA,160
CFPO-366,Control & Reagent,2026-12-01,Revenue,3M_MA,160
CFPO-366,Control & Reagent,2027-01-01,Revenue,3M_MA,160
CFPO-366,Control & Reagent,2027-02-01,Revenue,3M_MA,160
CFPO-366,Control & Reagent,2027-03-01,Revenue,3M_MA,160
CFPO-366,Control & Reagent,2027-04-01,Revenue,3M_MA,160
CFPO-366,Control & Reagent,2027-05-01,Revenue,3M_MA,160
CFPO-366,Control & Reagent,2027-06-01,Revenue,3M_MA,160
CFPO-366,Control & Reagent,2027-07-01,Revenue,3M_MA,160
CFPO-366,Control & Reagent,2027-08-01,Revenue,3M_MA,160
CFPO-366,Control & Reagent,2027-09-01,Revenue,3M_MA,160
CFPO-366,Control & Reagent,2027-10-01,Revenue,3M_MA,160
CFPO-366,Control & Reagent,2027-11-01,Revenue,3M_MA,160
CFPO-366,Control & Reagent,2027-12-01,Revenue,3M_MA,160
CFPO-374,Control & Reagent,2026-10-01,Quantity,3M_MA,0
CFPO-374,Control & Reagent,2026-11-01,Quantity,3M_MA,0
CFPO-374,Control & Reagent,2026-12-01,Quantity,3M_MA,0
CFPO-374,Control & Reagent,2027-01-01,Quantity,3M_MA,0
CFPO-374,Control & Reagent,2027-02-01,Quantity,3M_MA,0
CFPO-374,Control & Reagent,2027-03-01,Quantity,3M_MA,0
CFPO-374,Control & Reagent,2027-04-01,Quantity,3M_MA,0
CFPO-374,Control & Reagent,2027-05-01,Quantity,3M_MA,0
CFPO-374,Control & Reagent,2027-06-01,Quantity,3M_MA,0
CFPO-374,Control & Reagent,2027-07-01,Quantity,3M_MA,0
CFPO-374,Control & Reagent,2027-08-01,Quantity,3M_MA,0
CFPO-374,Control & Reagent,2027-09-01,Quantity,3M_MA,0
CFPO-374,Control & Reagent,2027-10-01,Quantity,3M_MA,0
CFPO-374,Control & Reagent,2027-11-01,Quantity,3M_MA,0
CFPO-374,Control & Reagent,2027-12-01,Quantity,3M_MA,0
CFPO-374,Control & Reagent,2026-10-01,Revenue,3M_MA,0
CFPO-374,Control & Reagent,2026-11-01,Revenue,3M_MA,0
CFPO-374,Control & Reagent,2026-12-01,Revenue,3M_MA,0
CFPO-374,Control & Reagent,2027-01-01,Revenue,3M_MA,0
CFPO-374,Control & Reagent,2027-02-01,Revenue,3M_MA,0
CFPO-374,Control & Reagent,2027-03-01,Revenue,3M_MA,0
CFPO-374,Control & Reagent,2027-04-01,Revenue,3M_MA,0
CFPO-374,Control & Reagent,2027-05-01,Revenue,3M_MA,0
CFPO-374,Control & Reagent,2027-06-01,Revenue,3M_MA,0
CFPO-374,Control & Reagent,2027-07-01,Revenue,3M_MA,0
CFPO-374,Control & Reagent,2027-08-01,Revenue,3M_MA,0
CFPO-374,Control & Reagent,2027-09-01,Revenue,3M_MA,0
CFPO-374,Control & Reagent,2027-10-01,Revenue,3M_MA,0
CFPO-374,Control & Reagent,2027-11-01,Revenue,3M_MA,0
CFPO-374,Control & Reagent,2027-12-01,Revenue,3M_MA,0
CFPO-97,Control & Reagent,2026-10-01,Quantity,3M_MA,0
CFPO-97,Control & Reagent,2026-11-01,Quantity,3M_MA,0
CFPO-97,Control & Reagent,2026-12-01,Quantity,3M_MA,0
CFPO-97,Control & Reagent,2027-01-01,Quantity,3M_MA,0
CFPO-97,Control & Reagent,2027-02-01,Quantity,3M_MA,0
CFPO-97,Control & Reagent,2027-03-01,Quantity,3M_MA,0
CFPO-97,Control & Reagent,2027-04-01,Quantity,3M_MA,0
CFPO-97,Control & Reagent,2027-05-01,Quantity,3M_MA,0
CFPO-97,Control & Reagent,2027-06-01,Quantity,3M_MA,0
CFPO-97,Control & Reagent,2027-07-01,Quantity,3M_MA,0
CFPO-97,Control & Reagent,2027-08-01,Quantity,3M_MA,0
CFPO-97,Control & Reagent,2027-09-01,Quantity,3M_MA,0
CFPO-97,Control & Reagent,2027-10-01,Quantity,3M_MA,0
CFPO-97,Control & Reagent,2027-11-01,Quantity,3M_MA,0
CFPO-97,Control & Reagent,2027-12-01,Quantity,3M_MA,0
CFPO-97,Control & Reagent,2026-10-01,Revenue,3M_MA,0
CFPO-97,Control & Reagent,2026-11-01,Revenue,3M_MA,0
CFPO-97,Control & Reagent,2026-12-01,Revenue,3M_MA,0
CFPO-97,Control & Reagent,2027-01-01,Revenue,3M_MA,0
CFPO-97,Control & Reagent,2027-02-01,Revenue,3M_MA,0
CFPO-97,Control & Reagent,2027-03-01,Revenue,3M_MA,0
CFPO-97,Control & Reagent,2027-04-01,Revenue,3M_MA,0
CFPO-97,Control & Reagent,2027-05-01,Revenue,3M_MA,0
CFPO-97,Control & Reagent,2027-06-01,Revenue,3M_MA,0
CFPO-97,Control & Reagent,2027-07-01,Revenue,3M_MA,0
CFPO-97,Control & Reagent,2027-08-01,Revenue,3M_MA,0
CFPO-97,Control & Reagent,2027-09-01,Revenue,3M_MA,0
CFPO-97,Control & Reagent,2027-10-01,Revenue,3M_MA,0
CFPO-97,Control & Reagent,2027-11-01,Revenue,3M_MA,0
CFPO-97,Control & Reagent,2027-12-01,Revenue,3M_MA,0
CMRT149,Other,2026-10-01,Quantity,3M_MA,0
CMRT149,Other,2026-11-01,Quantity,3M_MA,0
CMRT149,Other,2026-12-01,Quantity,3M_MA,0
CMRT149,Other,2027-01-01,Quantity,3M_MA,0
CMRT149,Other,2027-02-01,Quantity,3M_MA,0
CMRT149,Other,2027-03-01,Quantity,3M_MA,0
CMRT149,Other,2027-04-01,Quantity,3M_MA,0
CMRT149,Other,2027-05-01,Quantity,3M_MA,0
CMRT149,Other,2027-06-01,Quantity,3M_MA,0
CMRT149,Other,2027-07-01,Quantity,3M_MA,0
CMRT149,Other,2027-08-01,Quantity,3M_MA,0
CMRT149,Other,2027-09-01,Quantity,3M_MA,0
CMRT149,Other,2027-10-01,Quantity,3M_MA,0
CMRT149,Other,2027-11-01,Quantity,3M_MA,0
CMRT149,Other,2027-12-01,Quantity,3M_MA,0
CMRT149,Other,2026-10-01,Revenue,3M_MA,0
CMRT149,Other,2026-11-01,Revenue,3M_MA,0
CMRT149,Other,2026-12-01,Revenue,3M_MA,0
CMRT149,Other,2027-01-01,Revenue,3M_MA,0
CMRT149,Other,2027-02-01,Revenue,3M_MA,0
CMRT149,Other,2027-03-01,Revenue,3M_MA,0
CMRT149,Other,2027-04-01,Revenue,3M_MA,0
CMRT149,Other,2027-05-01,Revenue,3M_MA,0
CMRT149,Other,2027-06-01,Revenue,3M_MA,0
CMRT149,Other,2027-07-01,Revenue,3M_MA,0
CMRT149,Other,2027-08-01,Revenue,3M_MA,0
CMRT149,Other,2027-09-01,Revenue,3M_MA,0
CMRT149,Other,2027-10-01,Revenue,3M_MA,0
CMRT149,Other,2027-11-01,Revenue,3M_MA,0
CMRT149,Other,2027-12-01,Revenue,3M_MA,0
FPRR019,Machine,2026-10-01,Quantity,3M_MA,0
FPRR019,Machine,2026-11-01,Quantity,3M_MA,0
FPRR019,Machine,2026-12-01,Quantity,3M_MA,0
FPRR019,Machine,2027-01-01,Quantity,3M_MA,0
FPRR019,Machine,2027-02-01,Quantity,3M_MA,0
FPRR019,Machine,2027-03-01,Quantity,3M_MA,0
FPRR019,Machine,2027-04-01,Quantity,3M_MA,0
FPRR019,Machine,2027-05-01,Quantity,3M_MA,0
FPRR019,Machine,2027-06-01,Quantity,3M_MA,0
FPRR019,Machine,2027-07-01,Quantity,3M_MA,0
FPRR019,Machine,2027-08-01,Quantity,3M_MA,0
FPRR019,Machine,2027-09-01,Quantity,3M_MA,0
FPRR019,Machine,2027-10-01,Quantity,3M_MA,0
FPRR019,Machine,2027-11-01,Quantity,3M_MA,0
FPRR019,Machine,2027-12-01,Quantity,3M_MA,0
FPRR019,Machine,2026-10-01,Revenue,3M_MA,0
FPRR019,Machine,2026-11-01,Revenue,3M_MA,0
FPRR019,Machine,2026-12-01,Revenue,3M_MA,0
FPRR019,Machine,2027-01-01,Revenue,3M_MA,0
FPRR019,Machine,2027-02-01,Revenue,3M_MA,0
FPRR019,Machine,2027-03-01,Revenue,3M_MA,0
FPRR019,Machine,2027-04-01,Revenue,3M_MA,0
FPRR019,Machine,2027-05-01,Revenue,3M_MA,0
FPRR019,Machine,2027-06-01,Revenue,3M_MA,0
FPRR019,Machine,2027-07-01,Revenue,3M_MA,0
FPRR019,Machine,2027-08-01,Revenue,3M_MA,0
FPRR019,Machine,2027-09-01,Revenue,3M_MA,0
FPRR019,Machine,2027-10-01,Revenue,3M_MA,0
FPRR019,Machine,2027-11-01,Revenue,3M_MA,0
FPRR019,Machine,2027-12-01,Revenue,3M_MA,0
FPRR040,Machine,2026-10-01,Quantity,3M_MA,0
FPRR040,Machine,2026-11-01,Quantity,3M_MA,0
FPRR040,Machine,2026-12-01,Quantity,3M_MA,0
FPRR040,Machine,2027-01-01,Quantity,3M_MA,0
FPRR040,Machine,2027-02-01,Quantity,3M_MA,0
FPRR040,Machine,2027-03-01,Quantity,3M_MA,0
FPRR040,Machine,2027-04-01,Quantity,3M_MA,0
FPRR040,Machine,2027-05-01,Quantity,3M_MA,0
FPRR040,Machine,2027-06-01,Quantity,3M_MA,0
FPRR040,Machine,2027-07-01,Quantity,3M_MA,0
FPRR040,Machine,2027-08-01,Quantity,3M_MA,0
FPRR040,Machine,2027-09-01,Quantity,3M_MA,0
FPRR040,Machine,2027-10-01,Quantity,3M_MA,0
FPRR040,Machine,2027-11-01,Quantity,3M_MA,0
FPRR040,Machine,2027-12-01,Quantity,3M_MA,0
FPRR040,Machine,2026-10-01,Revenue,3M_MA,0
FPRR040,Machine,2026-11-01,Revenue,3M_MA,0
FPRR040,Machine,2026-12-01,Revenue,3M_MA,0
FPRR040,Machine,2027-01-01,Revenue,3M_MA,0
FPRR040,Machine,2027-02-01,Revenue,3M_MA,0
FPRR040,Machine,2027-03-01,Revenue,3M_MA,0
FPRR040,Machine,2027-04-01,Revenue,3M_MA,0
FPRR040,Machine,2027-05-01,Revenue,3M_MA,0
FPRR040,Machine,2027-06-01,Revenue,3M_MA,0
FPRR040,Machine,2027-07-01,Revenue,3M_MA,0
FPRR040,Machine,2027-08-01,Revenue,3M_MA,0
FPRR040,Machine,2027-09-01,Revenue,3M_MA,0
FPRR040,Machine,2027-10-01,Revenue,3M_MA,0
FPRR040,Machine,2027-11-01,Revenue,3M_MA,0
FPRR040,Machine,2027-12-01,Revenue,3M_MA,0
ISO-SERVICE,Control & Reagent,2026-10-01,Quantity,3M_MA,0.3333333333333333
ISO-SERVICE,Control & Reagent,2026-11-01,Quantity,3M_MA,0.3333333333333333
ISO-SERVICE,Control & Reagent,2026-12-01,Quantity,3M_MA,0.3333333333333333
ISO-SERVICE,Control & Reagent,2027-01-01,Quantity,3M_MA,0.3333333333333333
ISO-SERVICE,Control & Reagent,2027-02-01,Quantity,3M_MA,0.3333333333333333
ISO-SERVICE,Control & Reagent,2027-03-01,Quantity,3M_MA,0.3333333333333333
ISO-SERVICE,Control & Reagent,2027-04-01,Quantity,3M_MA,0.3333333333333333
ISO-SERVICE,Control & Reagent,2027-05-01,Quantity,3M_MA,0.3333333333333333
ISO-SERVICE,Control & Reagent,2027-06-01,Quantity,3M_MA,0.3333333333333333
ISO-SERVICE,Control & Reagent,2027-07-01,Quantity,3M_MA,0.3333333333333333
ISO-SERVICE,Control & Reagent,2027-08-01,Quantity,3M_MA,0.3333333333333333
ISO-SERVICE,Control & Reagent,2027-09-01,Quantity,3M_MA,0.3333333333333333
ISO-SERVICE,Control & Reagent,2027-10-01,Quantity,3M_MA,0.3333333333333333
ISO-SERVICE,Control & Reagent,2027-11-01,Quantity,3M_MA,0.3333333333333333
ISO-SERVICE,Control & Reagent,2027-12-01,Quantity,3M_MA,0.3333333333333333
ISO-SERVICE,Control & Reagent,2026-10-01,Revenue,3M_MA,333.3333333333333
ISO-SERVICE,Control & Reagent,2026-11-01,Revenue,3M_MA,333.3333333333333
ISO-SERVICE,Control & Reagent,2026-12-01,Revenue,3M_MA,333.3333333333333
ISO-SERVICE,Control & Reagent,2027-01-01,Revenue,3M_MA,333.3333333333333
ISO-SERVICE,Control & Reagent,2027-02-01,Revenue,3M_MA,333.3333333333333
ISO-SERVICE,Control & Reagent,2027-03-01,Revenue,3M_MA,333.3333333333333
ISO-SERVICE,Control & Reagent,2027-04-01,Revenue,3M_MA,333.3333333333333
ISO-SERVICE,Control & Reagent,2027-05-01,Revenue,3M_MA,333.3333333333333
ISO-SERVICE,Control & Reagent,2027-06-01,Revenue,3M_MA,333.3333333333333
ISO-SERVICE,Control & Reagent,2027-07-01,Revenue,3M_MA,333.3333333333333
ISO-SERVICE,Control & Reagent,2027-08-01,Revenue,3M_MA,333.3333333333333
ISO-SERVICE,Control & Reagent,2027-09-01,Revenue,3M_MA,333.3333333333333
ISO-SERVICE,Control & Reagent,2027-10-01,Revenue,3M_MA,333.3333333333333
ISO-SERVICE,Control & Reagent,2027-11-01,Revenue,3M_MA,333.3333333333333
ISO-SERVICE,Control & Reagent,2027-12-01,Revenue,3M_MA,333.3333333333333
SMFP-102,Control & Reagent,2026-10-01,Quantity,3M_MA,0
SMFP-102,Control & Reagent,2026-11-01,Quantity,3M_MA,0
SMFP-102,Control & Reagent,2026-12-01,Quantity,3M_MA,0
SMFP-102,Control & Reagent,2027-01-01,Quantity,3M_MA,0
SMFP-102,Control & Reagent,2027-02-01,Quantity,3M_MA,0
SMFP-102,Control & Reagent,2027-03-01,Quantity,3M_MA,0
SMFP-102,Control & Reagent,2027-04-01,Quantity,3M_MA,0
SMFP-102,Control & Reagent,2027-05-01,Quantity,3M_MA,0
SMFP-102,Control & Reagent,2027-06-01,Quantity,3M_MA,0
SMFP-102,Control & Reagent,2027-07-01,Quantity,3M_MA,0
SMFP-102,Control & Reagent,2027-08-01,Quantity,3M_MA,0
SMFP-102,Control & Reagent,2027-09-01,Quantity,3M_MA,0
SMFP-102,Control & Reagent,2027-10-01,Quantity,3M_MA,0
SMFP-102,Control & Reagent,2027-11-01,Quantity,3M_MA,0
SMFP-102,Control & Reagent,2027-12-01,Quantity,3M_MA,0
SMFP-102,Control & Reagent,2026-10-01,Revenue,3M_MA,0
SMFP-102,Control & Reagent,2026-11-01,Revenue,3M_MA,0
SMFP-102,Control & Reagent,2026-12-01,Revenue,3M_MA,0
SMFP-102,Control & Reagent,2027-01-01,Revenue,3M_MA,0
SMFP-102,Control & Reagent,2027-02-01,Revenue,3M_MA,0
SMFP-102,Control & Reagent,2027-03-01,Revenue,3M_MA,0
SMFP-102,Control & Reagent,2027-04-01,Revenue,3M_MA,0
SMFP-102,Control & Reagent,2027-05-01,Revenue,3M_MA,0
SMFP-102,Control & Reagent,2027-06-01,Revenue,3M_MA,0
SMFP-102,Control & Reagent,2027-07-01,Revenue,3M_MA,0
SMFP-102,Control & Reagent,2027-08-01,Revenue,3M_MA,0
SMFP-102,Control & Reagent,2027-09-01,Revenue,3M_MA,0
SMFP-102,Control & Reagent,2027-10-01,Revenue,3M_MA,0
SMFP-102,Control & Reagent,2027-11-01,Revenue,3M_MA,0
SMFP-102,Control & Reagent,2027-12-01,Revenue,3M_MA,0
SMFP-108,Control & Reagent,2026-10-01,Quantity,3M_MA,3
SMFP-108,Control & Reagent,2026-11-01,Quantity,3M_MA,3
SMFP-108,Control & Reagent,2026-12-01,Quantity,3M_MA,3
SMFP-108,Control & Reagent,2027-01-01,Quantity,3M_MA,3
SMFP-108,Control & Reagent,2027-02-01,Quantity,3M_MA,3
SMFP-108,Control & Reagent,2027-03-01,Quantity,3M_MA,3
SMFP-108,Control & Reagent,2027-04-01,Quantity,3M_MA,3
SMFP-108,Control & Reagent,2027-05-01,Quantity,3M_MA,3
SMFP-108,Control & Reagent,2027-06-01,Quantity,3M_MA,3
SMFP-108,Control & Reagent,2027-07-01,Quantity,3M_MA,3
SMFP-108,Control & Reagent,2027-08-01,Quantity,3M_MA,3
SMFP-108,Control & Reagent,2027-09-01,Quantity,3M_MA,3
SMFP-108,Control & Reagent,2027-10-01,Quantity,3M_MA,3
SMFP-108,Control & Reagent,2027-11-01,Quantity,3M_MA,3
SMFP-108,Control & Reagent,2027-12-01,Quantity,3M_MA,3
SMFP-108,Control & Reagent,2026-10-01,Revenue,3M_MA,2404.6666666666665
SMFP-108,Control & Reagent,2026-11-01,Revenue,3M_MA,2404.6666666666665
SMFP-108,Control & Reagent,2026-12-01,Revenue,3M_MA,2404.6666666666665
SMFP-108,Control & Reagent,2027-01-01,Revenue,3M_MA,2404.6666666666665
SMFP-108,Control & Reagent,2027-02-01,Revenue,3M_MA,2404.6666666666665
SMFP-108,Control & Reagent,2027-03-01,Revenue,3M_MA,2404.6666666666665
SMFP-108,Control & Reagent,2027-04-01,Revenue,3M_MA,2404.6666666666665
SMFP-108,Control & Reagent,2027-05-01,Revenue,3M_MA,2404.6666666666665
SMFP-108,Control & Reagent,2027-06-01,Revenue,3M_MA,2404.6666666666665
SMFP-108,Control & Reagent,2027-07-01,Revenue,3M_MA,2404.6666666666665
SMFP-108,Control & Reagent,2027-08-01,Revenue,3M_MA,2404.6666666666665
SMFP-108,Control & Reagent,2027-09-01,Revenue,3M_MA,2404.6666666666665
SMFP-108,Control & Reagent,2027-10-01,Revenue,3M_MA,2404.6666666666665
SMFP-108,Control & Reagent,2027-11-01,Revenue,3M_MA,2404.6666666666665
SMFP-108,Control & Reagent,2027-12-01,Revenue,3M_MA,2404.6666666666665
SMFP-109,Control & Reagent,2026-10-01,Quantity,3M_MA,0
SMFP-109,Control & Reagent,2026-11-01,Quantity,3M_MA,0
SMFP-109,Control & Reagent,2026-12-01,Quantity,3M_MA,0
SMFP-109,Control & Reagent,2027-01-01,Quantity,3M_MA,0
SMFP-109,Control & Reagent,2027-02-01,Quantity,3M_MA,0
SMFP-109,Control & Reagent,2027-03-01,Quantity,3M_MA,0
SMFP-109,Control & Reagent,2027-04-01,Quantity,3M_MA,0
SMFP-109,Control & Reagent,2027-05-01,Quantity,3M_MA,0
SMFP-109,Control & Reagent,2027-06-01,Quantity,3M_MA,0
SMFP-109,Control & Reagent,2027-07-01,Quantity,3M_MA,0
SMFP-109,Control & Reagent,2027-08-01,Quantity,3M_MA,0
SMFP-109,Control & Reagent,2027-09-01,Quantity,3M_MA,0
SMFP-109,Control & Reagent,2027-10-01,Quantity,3M_MA,0
SMFP-109,Control & Reagent,2027-11-01,Quantity,3M_MA,0
SMFP-109,Control & Reagent,2027-12-01,Quantity,3M_MA,0
SMFP-109,Control & Reagent,2026-10-01,Revenue,3M_MA,0
SMFP-109,Control & Reagent,2026-11-01,Revenue,3M_MA,0
SMFP-109,Control & Reagent,2026-12-01,Revenue,3M_MA,0
SMFP-109,Control & Reagent,2027-01-01,Revenue,3M_MA,0
SMFP-109,Control & Reagent,2027-02-01,Revenue,3M_MA,0
SMFP-109,Control & Reagent,2027-03-01,Revenue,3M_MA,0
SMFP-109,Control & Reagent,2027-04-01,Revenue,3M_MA,0
SMFP-109,Control & Reagent,2027-05-01,Revenue,3M_MA,0
SMFP-109,Control & Reagent,2027-06-01,Revenue,3M_MA,0
SMFP-109,Control & Reagent,2027-07-01,Revenue,3M_MA,0
SMFP-109,Control & Reagent,2027-08-01,Revenue,3M_MA,0
SMFP-109,Control & Reagent,2027-09-01,Revenue,3M_MA,0
SMFP-109,Control & Reagent,2027-10-01,Revenue,3M_MA,0
SMFP-109,Control & Reagent,2027-11-01,Revenue,3M_MA,0
SMFP-109,Control & Reagent,2027-12-01,Revenue,3M_MA,0
SMFP-112,Control & Reagent,2026-10-01,Quantity,3M_MA,2
SMFP-112,Control & Reagent,2026-11-01,Quantity,3M_MA,2
SMFP-112,Control & Reagent,2026-12-01,Quantity,3M_MA,2
SMFP-112,Control & Reagent,2027-01-01,Quantity,3M_MA,2
SMFP-112,Control & Reagent,2027-02-01,Quantity,3M_MA,2
SMFP-112,Control & Reagent,2027-03-01,Quantity,3M_MA,2
SMFP-112,Control & Reagent,2027-04-01,Quantity,3M_MA,2
SMFP-112,Control & Reagent,2027-05-01,Quantity,3M_MA,2
SMFP-112,Control & Reagent,2027-06-01,Quantity,3M_MA,2
SMFP-112,Control & Reagent,2027-07-01,Quantity,3M_MA,2
SMFP-112,Control & Reagent,2027-08-01,Quantity,3M_MA,2
SMFP-112,Control & Reagent,2027-09-01,Quantity,3M_MA,2
SMFP-112,Control & Reagent,2027-10-01,Quantity,3M_MA,2
SMFP-112,Control & Reagent,2027-11-01,Quantity,3M_MA,2
SMFP-112,Control & Reagent,2027-12-01,Quantity,3M_MA,2
SMFP-112,Control & Reagent,2026-10-01,Revenue,3M_MA,1504
SMFP-112,Control & Reagent,2026-11-01,Revenue,3M_MA,1504
SMFP-112,Control & Reagent,2026-12-01,Revenue,3M_MA,1504
SMFP-112,Control & Reagent,2027-01-01,Revenue,3M_MA,1504
SMFP-112,Control & Reagent,2027-02-01,Revenue,3M_MA,1504
SMFP-112,Control & Reagent,2027-03-01,Revenue,3M_MA,1504
SMFP-112,Control & Reagent,2027-04-01,Revenue,3M_MA,1504
SMFP-112,Control & Reagent,2027-05-01,Revenue,3M_MA,1504
SMFP-112,Control & Reagent,2027-06-01,Revenue,3M_MA,1504
SMFP-112,Control & Reagent,2027-07-01,Revenue,3M_MA,1504
SMFP-112,Control & Reagent,2027-08-01,Revenue,3M_MA,1504
SMFP-112,Control & Reagent,2027-09-01,Revenue,3M_MA,1504
SMFP-112,Control & Reagent,2027-10-01,Revenue,3M_MA,1504
SMFP-112,Control & Reagent,2027-11-01,Revenue,3M_MA,1504
SMFP-112,Control & Reagent,2027-12-01,Revenue,3M_MA,1504
SMFP-119,Control & Reagent,2026-10-01,Quantity,3M_MA,1
SMFP-119,Control & Reagent,2026-11-01,Quantity,3M_MA,1
SMFP-119,Control & Reagent,2026-12-01,Quantity,3M_MA,1
SMFP-119,Control & Reagent,2027-01-01,Quantity,3M_MA,1
SMFP-119,Control & Reagent,2027-02-01,Quantity,3M_MA,1
SMFP-119,Control & Reagent,2027-03-01,Quantity,3M_MA,1
SMFP-119,Control & Reagent,2027-04-01,Quantity,3M_MA,1
SMFP-119,Control & Reagent,2027-05-01,Quantity,3M_MA,1
SMFP-119,Control & Reagent,2027-06-01,Quantity,3M_MA,1
SMFP-119,Control & Reagent,2027-07-01,Quantity,3M_MA,1
SMFP-119,Control & Reagent,2027-08-01,Quantity,3M_MA,1
SMFP-119,Control & Reagent,2027-09-01,Quantity,3M_MA,1
SMFP-119,Control & Reagent,2027-10-01,Quantity,3M_MA,1
SMFP-119,Control & Reagent,2027-11-01,Quantity,3M_MA,1
SMFP-119,Control & Reagent,2027-12-01,Quantity,3M_MA,1
SMFP-119,Control & Reagent,2026-10-01,Revenue,3M_MA,704
SMFP-119,Control & Reagent,2026-11-01,Revenue,3M_MA,704
SMFP-119,Control & Reagent,2026-12-01,Revenue,3M_MA,704
SMFP-119,Control & Reagent,2027-01-01,Revenue,3M_MA,704
SMFP-119,Control & Reagent,2027-02-01,Revenue,3M_MA,704
SMFP-119,Control & Reagent,2027-03-01,Revenue,3M_MA,704
SMFP-119,Control & Reagent,2027-04-01,Revenue,3M_MA,704
SMFP-119,Control & Reagent,2027-05-01,Revenue,3M_MA,704
SMFP-119,Control & Reagent,2027-06-01,Revenue,3M_MA,704
SMFP-119,Control & Reagent,2027-07-01,Revenue,3M_MA,704
SMFP-119,Control & Reagent,2027-08-01,Revenue,3M_MA,704
SMFP-119,Control & Reagent,2027-09-01,Revenue,3M_MA,704
SMFP-119,Control & Reagent,2027-10-01,Revenue,3M_MA,704
SMFP-119,Control & Reagent,2027-11-01,Revenue,3M_MA,704
SMFP-119,Control & Reagent,2027-12-01,Revenue,3M_MA,704
SMFP-128,Control & Reagent,2026-10-01,Quantity,3M_MA,3.3333333333333335
SMFP-128,Control & Reagent,2026-11-01,Quantity,3M_MA,3.3333333333333335
SMFP-128,Control & Reagent,2026-12-01,Quantity,3M_MA,3.3333333333333335
SMFP-128,Control & Reagent,2027-01-01,Quantity,3M_MA,3.3333333333333335
SMFP-128,Control & Reagent,2027-02-01,Quantity,3M_MA,3.3333333333333335
SMFP-128,Control & Reagent,2027-03-01,Quantity,3M_MA,3.3333333333333335
SMFP-128,Control & Reagent,2027-04-01,Quantity,3M_MA,3.3333333333333335
SMFP-128,Control & Reagent,2027-05-01,Quantity,3M_MA,3.3333333333333335
SMFP-128,Control & Reagent,2027-06-01,Quantity,3M_MA,3.3333333333333335
SMFP-128,Control & Reagent,2027-07-01,Quantity,3M_MA,3.3333333333333335
SMFP-128,Control & Reagent,2027-08-01,Quantity,3M_MA,3.3333333333333335
SMFP-128,Control & Reagent,2027-09-01,Quantity,3M_MA,3.3333333333333335
SMFP-128,Control & Reagent,2027-10-01,Quantity,3M_MA,3.3333333333333335
SMFP-128,Control & Reagent,2027-11-01,Quantity,3M_MA,3.3333333333333335
SMFP-128,Control & Reagent,2027-12-01,Quantity,3M_MA,3.3333333333333335
SMFP-128,Control & Reagent,2026-10-01,Revenue,3M_MA,2416
SMFP-128,Control & Reagent,2026-11-01,Revenue,3M_MA,2416
SMFP-128,Control & Reagent,2026-12-01,Revenue,3M_MA,2416
SMFP-128,Control & Reagent,2027-01-01,Revenue,3M_MA,2416
SMFP-128,Control & Reagent,2027-02-01,Revenue,3M_MA,2416
SMFP-128,Control & Reagent,2027-03-01,Revenue,3M_MA,2416
SMFP-128,Control & Reagent,2027-04-01,Revenue,3M_MA,2416
SMFP-128,Control & Reagent,2027-05-01,Revenue,3M_MA,2416
SMFP-128,Control & Reagent,2027-06-01,Revenue,3M_MA,2416
SMFP-128,Control & Reagent,2027-07-01,Revenue,3M_MA,2416
SMFP-128,Control & Reagent,2027-08-01,Revenue,3M_MA,2416
SMFP-128,Control & Reagent,2027-09-01,Revenue,3M_MA,2416
SMFP-128,Control & Reagent,2027-10-01,Revenue,3M_MA,2416
SMFP-128,Control & Reagent,2027-11-01,Revenue,3M_MA,2416
SMFP-128,Control & Reagent,2027-12-01,Revenue,3M_MA,2416
SMFP-129,Control & Reagent,2026-10-01,Quantity,3M_MA,2.3333333333333335
SMFP-129,Control & Reagent,2026-11-01,Quantity,3M_MA,2.3333333333333335
SMFP-129,Control & Reagent,2026-12-01,Quantity,3M_MA,2.3333333333333335
SMFP-129,Control & Reagent,2027-01-01,Quantity,3M_MA,2.3333333333333335
SMFP-129,Control & Reagent,2027-02-01,Quantity,3M_MA,2.3333333333333335
SMFP-129,Control & Reagent,2027-03-01,Quantity,3M_MA,2.3333333333333335
SMFP-129,Control & Reagent,2027-04-01,Quantity,3M_MA,2.3333333333333335
SMFP-129,Control & Reagent,2027-05-01,Quantity,3M_MA,2.3333333333333335
SMFP-129,Control & Reagent,2027-06-01,Quantity,3M_MA,2.3333333333333335
SMFP-129,Control & Reagent,2027-07-01,Quantity,3M_MA,2.3333333333333335
SMFP-129,Control & Reagent,2027-08-01,Quantity,3M_MA,2.3333333333333335
SMFP-129,Control & Reagent,2027-09-01,Quantity,3M_MA,2.3333333333333335
SMFP-129,Control & Reagent,2027-10-01,Quantity,3M_MA,2.3333333333333335
SMFP-129,Control & Reagent,2027-11-01,Quantity,3M_MA,2.3333333333333335
SMFP-129,Control & Reagent,2027-12-01,Quantity,3M_MA,2.3333333333333335
SMFP-129,Control & Reagent,2026-10-01,Revenue,3M_MA,1400
SMFP-129,Control & Reagent,2026-11-01,Revenue,3M_MA,1400
SMFP-129,Control & Reagent,2026-12-01,Revenue,3M_MA,1400
SMFP-129,Control & Reagent,2027-01-01,Revenue,3M_MA,1400
SMFP-129,Control & Reagent,2027-02-01,Revenue,3M_MA,1400
SMFP-129,Control & Reagent,2027-03-01,Revenue,3M_MA,1400
SMFP-129,Control & Reagent,2027-04-01,Revenue,3M_MA,1400
SMFP-129,Control & Reagent,2027-05-01,Revenue,3M_MA,1400
SMFP-129,Control & Reagent,2027-06-01,Revenue,3M_MA,1400
SMFP-129,Control & Reagent,2027-07-01,Revenue,3M_MA,1400
SMFP-129,Control & Reagent,2027-08-01,Revenue,3M_MA,1400
SMFP-129,Control & Reagent,2027-09-01,Revenue,3M_MA,1400
SMFP-129,Control & Reagent,2027-10-01,Revenue,3M_MA,1400
SMFP-129,Control & Reagent,2027-11-01,Revenue,3M_MA,1400
SMFP-129,Control & Reagent,2027-12-01,Revenue,3M_MA,1400
SMFP-149,Control & Reagent,2026-10-01,Quantity,3M_MA,0
SMFP-149,Control & Reagent,2026-11-01,Quantity,3M_MA,0
SMFP-149,Control & Reagent,2026-12-01,Quantity,3M_MA,0
SMFP-149,Control & Reagent,2027-01-01,Quantity,3M_MA,0
SMFP-149,Control & Reagent,2027-02-01,Quantity,3M_MA,0
SMFP-149,Control & Reagent,2027-03-01,Quantity,3M_MA,0
SMFP-149,Control & Reagent,2027-04-01,Quantity,3M_MA,0
SMFP-149,Control & Reagent,2027-05-01,Quantity,3M_MA,0
SMFP-149,Control & Reagent,2027-06-01,Quantity,3M_MA,0
SMFP-149,Control & Reagent,2027-07-01,Quantity,3M_MA,0
SMFP-149,Control & Reagent,2027-08-01,Quantity,3M_MA,0
SMFP-149,Control & Reagent,2027-09-01,Quantity,3M_MA,0
SMFP-149,Control & Reagent,2027-10-01,Quantity,3M_MA,0
SMFP-149,Control & Reagent,2027-11-01,Quantity,3M_MA,0
SMFP-149,Control & Reagent,2027-12-01,Quantity,3M_MA,0
SMFP-149,Control & Reagent,2026-10-01,Revenue,3M_MA,0
SMFP-149,Control & Reagent,2026-11-01,Revenue,3M_MA,0
SMFP-149,Control & Reagent,2026-12-01,Revenue,3M_MA,0
SMFP-149,Control & Reagent,2027-01-01,Revenue,3M_MA,0
SMFP-149,Control & Reagent,2027-02-01,Revenue,3M_MA,0
SMFP-149,Control & Reagent,2027-03-01,Revenue,3M_MA,0
SMFP-149,Control & Reagent,2027-04-01,Revenue,3M_MA,0
SMFP-149,Control & Reagent,2027-05-01,Revenue,3M_MA,0
SMFP-149,Control & Reagent,2027-06-01,Revenue,3M_MA,0
SMFP-149,Control & Reagent,2027-07-01,Revenue,3M_MA,0
SMFP-149,Control & Reagent,2027-08-01,Revenue,3M_MA,0
SMFP-149,Control & Reagent,2027-09-01,Revenue,3M_MA,0
SMFP-149,Control & Reagent,2027-10-01,Revenue,3M_MA,0
SMFP-149,Control & Reagent,2027-11-01,Revenue,3M_MA,0
SMFP-149,Control & Reagent,2027-12-01,Revenue,3M_MA,0
SMFP-161,Control & Reagent,2026-10-01,Quantity,3M_MA,0.6666666666666666
SMFP-161,Control & Reagent,2026-11-01,Quantity,3M_MA,0.6666666666666666
SMFP-161,Control & Reagent,2026-12-01,Quantity,3M_MA,0.6666666666666666
SMFP-161,Control & Reagent,2027-01-01,Quantity,3M_MA,0.6666666666666666
SMFP-161,Control & Reagent,2027-02-01,Quantity,3M_MA,0.6666666666666666
SMFP-161,Control & Reagent,2027-03-01,Quantity,3M_MA,0.6666666666666666
SMFP-161,Control & Reagent,2027-04-01,Quantity,3M_MA,0.6666666666666666
SMFP-161,Control & Reagent,2027-05-01,Quantity,3M_MA,0.6666666666666666
SMFP-161,Control & Reagent,2027-06-01,Quantity,3M_MA,0.6666666666666666
SMFP-161,Control & Reagent,2027-07-01,Quantity,3M_MA,0.6666666666666666
SMFP-161,Control & Reagent,2027-08-01,Quantity,3M_MA,0.6666666666666666
SMFP-161,Control & Reagent,2027-09-01,Quantity,3M_MA,0.6666666666666666
SMFP-161,Control & Reagent,2027-10-01,Quantity,3M_MA,0.6666666666666666
SMFP-161,Control & Reagent,2027-11-01,Quantity,3M_MA,0.6666666666666666
SMFP-161,Control & Reagent,2027-12-01,Quantity,3M_MA,0.6666666666666666
SMFP-161,Control & Reagent,2026-10-01,Revenue,3M_MA,400
SMFP-161,Control & Reagent,2026-11-01,Revenue,3M_MA,400
SMFP-161,Control & Reagent,2026-12-01,Revenue,3M_MA,400
SMFP-161,Control & Reagent,2027-01-01,Revenue,3M_MA,400
SMFP-161,Control & Reagent,2027-02-01,Revenue,3M_MA,400
SMFP-161,Control & Reagent,2027-03-01,Revenue,3M_MA,400
SMFP-161,Control & Reagent,2027-04-01,Revenue,3M_MA,400
SMFP-161,Control & Reagent,2027-05-01,Revenue,3M_MA,400
SMFP-161,Control & Reagent,2027-06-01,Revenue,3M_MA,400
SMFP-161,Control & Reagent,2027-07-01,Revenue,3M_MA,400
SMFP-161,Control & Reagent,2027-08-01,Revenue,3M_MA,400
SMFP-161,Control & Reagent,2027-09-01,Revenue,3M_MA,400
SMFP-161,Control & Reagent,2027-10-01,Revenue,3M_MA,400
SMFP-161,Control & Reagent,2027-11-01,Revenue,3M_MA,400
SMFP-161,Control & Reagent,2027-12-01,Revenue,3M_MA,400
SMFP-2,Control & Reagent,2026-10-01,Quantity,3M_MA,0
SMFP-2,Control & Reagent,2026-11-01,Quantity,3M_MA,0
SMFP-2,Control & Reagent,2026-12-01,Quantity,3M_MA,0
SMFP-2,Control & Reagent,2027-01-01,Quantity,3M_MA,0
SMFP-2,Control & Reagent,2027-02-01,Quantity,3M_MA,0
SMFP-2,Control & Reagent,2027-03-01,Quantity,3M_MA,0
SMFP-2,Control & Reagent,2027-04-01,Quantity,3M_MA,0
SMFP-2,Control & Reagent,2027-05-01,Quantity,3M_MA,0
SMFP-2,Control & Reagent,2027-06-01,Quantity,3M_MA,0
SMFP-2,Control & Reagent,2027-07-01,Quantity,3M_MA,0
SMFP-2,Control & Reagent,2027-08-01,Quantity,3M_MA,0
SMFP-2,Control & Reagent,2027-09-01,Quantity,3M_MA,0
SMFP-2,Control & Reagent,2027-10-01,Quantity,3M_MA,0
SMFP-2,Control & Reagent,2027-11-01,Quantity,3M_MA,0
SMFP-2,Control & Reagent,2027-12-01,Quantity,3M_MA,0
SMFP-2,Control & Reagent,2026-10-01,Revenue,3M_MA,0
SMFP-2,Control & Reagent,2026-11-01,Revenue,3M_MA,0
SMFP-2,Control & Reagent,2026-12-01,Revenue,3M_MA,0
SMFP-2,Control & Reagent,2027-01-01,Revenue,3M_MA,0
SMFP-2,Control & Reagent,2027-02-01,Revenue,3M_MA,0
SMFP-2,Control & Reagent,2027-03-01,Revenue,3M_MA,0
SMFP-2,Control & Reagent,2027-04-01,Revenue,3M_MA,0
SMFP-2,Control & Reagent,2027-05-01,Revenue,3M_MA,0
SMFP-2,Control & Reagent,2027-06-01,Revenue,3M_MA,0
SMFP-2,Control & Reagent,2027-07-01,Revenue,3M_MA,0
SMFP-2,Control & Reagent,2027-08-01,Revenue,3M_MA,0
SMFP-2,Control & Reagent,2027-09-01,Revenue,3M_MA,0
SMFP-2,Control & Reagent,2027-10-01,Revenue,3M_MA,0
SMFP-2,Control & Reagent,2027-11-01,Revenue,3M_MA,0
SMFP-2,Control & Reagent,2027-12-01,Revenue,3M_MA,0
SMFP-22,Control & Reagent,2026-10-01,Quantity,3M_MA,0
SMFP-22,Control & Reagent,2026-11-01,Quantity,3M_MA,0
SMFP-22,Control & Reagent,2026-12-01,Quantity,3M_MA,0
SMFP-22,Control & Reagent,2027-01-01,Quantity,3M_MA,0
SMFP-22,Control & Reagent,2027-02-01,Quantity,3M_MA,0
SMFP-22,Control & Reagent,2027-03-01,Quantity,3M_MA,0
SMFP-22,Control & Reagent,2027-04-01,Quantity,3M_MA,0
SMFP-22,Control & Reagent,2027-05-01,Quantity,3M_MA,0
SMFP-22,Control & Reagent,2027-06-01,Quantity,3M_MA,0
SMFP-22,Control & Reagent,2027-07-01,Quantity,3M_MA,0
SMFP-22,Control & Reagent,2027-08-01,Quantity,3M_MA,0
SMFP-22,Control & Reagent,2027-09-01,Quantity,3M_MA,0
SMFP-22,Control & Reagent,2027-10-01,Quantity,3M_MA,0
SMFP-22,Control & Reagent,2027-11-01,Quantity,3M_MA,0
SMFP-22,Control & Reagent,2027-12-01,Quantity,3M_MA,0
SMFP-22,Control & Reagent,2026-10-01,Revenue,3M_MA,0
SMFP-22,Control & Reagent,2026-11-01,Revenue,3M_MA,0
SMFP-22,Control & Reagent,2026-12-01,Revenue,3M_MA,0
SMFP-22,Control & Reagent,2027-01-01,Revenue,3M_MA,0
SMFP-22,Control & Reagent,2027-02-01,Revenue,3M_MA,0
SMFP-22,Control & Reagent,2027-03-01,Revenue,3M_MA,0
SMFP-22,Control & Reagent,2027-04-01,Revenue,3M_MA,0
SMFP-22,Control & Reagent,2027-05-01,Revenue,3M_MA,0
SMFP-22,Control & Reagent,2027-06-01,Revenue,3M_MA,0
SMFP-22,Control & Reagent,2027-07-01,Revenue,3M_MA,0
SMFP-22,Control & Reagent,2027-08-01,Revenue,3M_MA,0
SMFP-22,Control & Reagent,2027-09-01,Revenue,3M_MA,0
SMFP-22,Control & Reagent,2027-10-01,Revenue,3M_MA,0
SMFP-22,Control & Reagent,2027-11-01,Revenue,3M_MA,0
SMFP-22,Control & Reagent,2027-12-01,Revenue,3M_MA,0
SMFP-29,Control & Reagent,2026-10-01,Quantity,3M_MA,0
SMFP-29,Control & Reagent,2026-11-01,Quantity,3M_MA,0
SMFP-29,Control & Reagent,2026-12-01,Quantity,3M_MA,0
SMFP-29,Control & Reagent,2027-01-01,Quantity,3M_MA,0
SMFP-29,Control & Reagent,2027-02-01,Quantity,3M_MA,0
SMFP-29,Control & Reagent,2027-03-01,Quantity,3M_MA,0
SMFP-29,Control & Reagent,2027-04-01,Quantity,3M_MA,0
SMFP-29,Control & Reagent,2027-05-01,Quantity,3M_MA,0
SMFP-29,Control & Reagent,2027-06-01,Quantity,3M_MA,0
SMFP-29,Control & Reagent,2027-07-01,Quantity,3M_MA,0
SMFP-29,Control & Reagent,2027-08-01,Quantity,3M_MA,0
SMFP-29,Control & Reagent,2027-09-01,Quantity,3M_MA,0
SMFP-29,Control & Reagent,2027-10-01,Quantity,3M_MA,0
SMFP-29,Control & Reagent,2027-11-01,Quantity,3M_MA,0
SMFP-29,Control & Reagent,2027-12-01,Quantity,3M_MA,0
SMFP-29,Control & Reagent,2026-10-01,Revenue,3M_MA,0
SMFP-29,Control & Reagent,2026-11-01,Revenue,3M_MA,0
SMFP-29,Control & Reagent,2026-12-01,Revenue,3M_MA,0
SMFP-29,Control & Reagent,2027-01-01,Revenue,3M_MA,0
SMFP-29,Control & Reagent,2027-02-01,Revenue,3M_MA,0
SMFP-29,Control & Reagent,2027-03-01,Revenue,3M_MA,0
SMFP-29,Control & Reagent,2027-04-01,Revenue,3M_MA,0
SMFP-29,Control & Reagent,2027-05-01,Revenue,3M_MA,0
SMFP-29,Control & Reagent,2027-06-01,Revenue,3M_MA,0
SMFP-29,Control & Reagent,2027-07-01,Revenue,3M_MA,0
SMFP-29,Control & Reagent,2027-08-01,Revenue,3M_MA,0
SMFP-29,Control & Reagent,2027-09-01,Revenue,3M_MA,0
SMFP-29,Control & Reagent,2027-10-01,Revenue,3M_MA,0
SMFP-29,Control & Reagent,2027-11-01,Revenue,3M_MA,0
SMFP-29,Control & Reagent,2027-12-01,Revenue,3M_MA,0
SMFP-3,Control & Reagent,2026-10-01,Quantity,3M_MA,2
SMFP-3,Control & Reagent,2026-11-01,Quantity,3M_MA,2
SMFP-3,Control & Reagent,2026-12-01,Quantity,3M_MA,2
SMFP-3,Control & Reagent,2027-01-01,Quantity,3M_MA,2
SMFP-3,Control & Reagent,2027-02-01,Quantity,3M_MA,2
SMFP-3,Control & Reagent,2027-03-01,Quantity,3M_MA,2
SMFP-3,Control & Reagent,2027-04-01,Quantity,3M_MA,2
SMFP-3,Control & Reagent,2027-05-01,Quantity,3M_MA,2
SMFP-3,Control & Reagent,2027-06-01,Quantity,3M_MA,2
SMFP-3,Control & Reagent,2027-07-01,Quantity,3M_MA,2
SMFP-3,Control & Reagent,2027-08-01,Quantity,3M_MA,2
SMFP-3,Control & Reagent,2027-09-01,Quantity,3M_MA,2
SMFP-3,Control & Reagent,2027-10-01,Quantity,3M_MA,2
SMFP-3,Control & Reagent,2027-11-01,Quantity,3M_MA,2
SMFP-3,Control & Reagent,2027-12-01,Quantity,3M_MA,2
SMFP-3,Control & Reagent,2026-10-01,Revenue,3M_MA,3000
SMFP-3,Control & Reagent,2026-11-01,Revenue,3M_MA,3000
SMFP-3,Control & Reagent,2026-12-01,Revenue,3M_MA,3000
SMFP-3,Control & Reagent,2027-01-01,Revenue,3M_MA,3000
SMFP-3,Control & Reagent,2027-02-01,Revenue,3M_MA,3000
SMFP-3,Control & Reagent,2027-03-01,Revenue,3M_MA,3000
SMFP-3,Control & Reagent,2027-04-01,Revenue,3M_MA,3000
SMFP-3,Control & Reagent,2027-05-01,Revenue,3M_MA,3000
SMFP-3,Control & Reagent,2027-06-01,Revenue,3M_MA,3000
SMFP-3,Control & Reagent,2027-07-01,Revenue,3M_MA,3000
SMFP-3,Control & Reagent,2027-08-01,Revenue,3M_MA,3000
SMFP-3,Control & Reagent,2027-09-01,Revenue,3M_MA,3000
SMFP-3,Control & Reagent,2027-10-01,Revenue,3M_MA,3000
SMFP-3,Control & Reagent,2027-11-01,Revenue,3M_MA,3000
SMFP-3,Control & Reagent,2027-12-01,Revenue,3M_MA,3000
SMFP-30,Control & Reagent,2026-10-01,Quantity,3M_MA,0.6666666666666666
SMFP-30,Control & Reagent,2026-11-01,Quantity,3M_MA,0.6666666666666666
SMFP-30,Control & Reagent,2026-12-01,Quantity,3M_MA,0.6666666666666666
SMFP-30,Control & Reagent,2027-01-01,Quantity,3M_MA,0.6666666666666666
SMFP-30,Control & Reagent,2027-02-01,Quantity,3M_MA,0.6666666666666666
SMFP-30,Control & Reagent,2027-03-01,Quantity,3M_MA,0.6666666666666666
SMFP-30,Control & Reagent,2027-04-01,Quantity,3M_MA,0.6666666666666666
SMFP-30,Control & Reagent,2027-05-01,Quantity,3M_MA,0.6666666666666666
SMFP-30,Control & Reagent,2027-06-01,Quantity,3M_MA,0.6666666666666666
SMFP-30,Control & Reagent,2027-07-01,Quantity,3M_MA,0.6666666666666666
SMFP-30,Control & Reagent,2027-08-01,Quantity,3M_MA,0.6666666666666666
SMFP-30,Control & Reagent,2027-09-01,Quantity,3M_MA,0.6666666666666666
SMFP-30,Control & Reagent,2027-10-01,Quantity,3M_MA,0.6666666666666666
SMFP-30,Control & Reagent,2027-11-01,Quantity,3M_MA,0.6666666666666666
SMFP-30,Control & Reagent,2027-12-01,Quantity,3M_MA,0.6666666666666666
SMFP-30,Control & Reagent,2026-10-01,Revenue,3M_MA,320
SMFP-30,Control & Reagent,2026-11-01,Revenue,3M_MA,320
SMFP-30,Control & Reagent,2026-12-01,Revenue,3M_MA,320
SMFP-30,Control & Reagent,2027-01-01,Revenue,3M_MA,320
SMFP-30,Control & Reagent,2027-02-01,Revenue,3M_MA,320
SMFP-30,Control & Reagent,2027-03-01,Revenue,3M_MA,320
SMFP-30,Control & Reagent,2027-04-01,Revenue,3M_MA,320
SMFP-30,Control & Reagent,2027-05-01,Revenue,3M_MA,320
SMFP-30,Control & Reagent,2027-06-01,Revenue,3M_MA,320
SMFP-30,Control & Reagent,2027-07-01,Revenue,3M_MA,320
SMFP-30,Control & Reagent,2027-08-01,Revenue,3M_MA,320
SMFP-30,Control & Reagent,2027-09-01,Revenue,3M_MA,320
SMFP-30,Control & Reagent,2027-10-01,Revenue,3M_MA,320
SMFP-30,Control & Reagent,2027-11-01,Revenue,3M_MA,320
SMFP-30,Control & Reagent,2027-12-01,Revenue,3M_MA,320
SMFP-35,Control & Reagent,2026-10-01,Quantity,3M_MA,2.6666666666666665
SMFP-35,Control & Reagent,2026-11-01,Quantity,3M_MA,2.6666666666666665
SMFP-35,Control & Reagent,2026-12-01,Quantity,3M_MA,2.6666666666666665
SMFP-35,Control & Reagent,2027-01-01,Quantity,3M_MA,2.6666666666666665
SMFP-35,Control & Reagent,2027-02-01,Quantity,3M_MA,2.6666666666666665
SMFP-35,Control & Reagent,2027-03-01,Quantity,3M_MA,2.6666666666666665
SMFP-35,Control & Reagent,2027-04-01,Quantity,3M_MA,2.6666666666666665
SMFP-35,Control & Reagent,2027-05-01,Quantity,3M_MA,2.6666666666666665
SMFP-35,Control & Reagent,2027-06-01,Quantity,3M_MA,2.6666666666666665
SMFP-35,Control & Reagent,2027-07-01,Quantity,3M_MA,2.6666666666666665
SMFP-35,Control & Reagent,2027-08-01,Quantity,3M_MA,2.6666666666666665
SMFP-35,Control & Reagent,2027-09-01,Quantity,3M_MA,2.6666666666666665
SMFP-35,Control & Reagent,2027-10-01,Quantity,3M_MA,2.6666666666666665
SMFP-35,Control & Reagent,2027-11-01,Quantity,3M_MA,2.6666666666666665
SMFP-35,Control & Reagent,2027-12-01,Quantity,3M_MA,2.6666666666666665
SMFP-35,Control & Reagent,2026-10-01,Revenue,3M_MA,1064
SMFP-35,Control & Reagent,2026-11-01,Revenue,3M_MA,1064
SMFP-35,Control & Reagent,2026-12-01,Revenue,3M_MA,1064
SMFP-35,Control & Reagent,2027-01-01,Revenue,3M_MA,1064
SMFP-35,Control & Reagent,2027-02-01,Revenue,3M_MA,1064
SMFP-35,Control & Reagent,2027-03-01,Revenue,3M_MA,1064
SMFP-35,Control & Reagent,2027-04-01,Revenue,3M_MA,1064
SMFP-35,Control & Reagent,2027-05-01,Revenue,3M_MA,1064
SMFP-35,Control & Reagent,2027-06-01,Revenue,3M_MA,1064
SMFP-35,Control & Reagent,2027-07-01,Revenue,3M_MA,1064
SMFP-35,Control & Reagent,2027-08-01,Revenue,3M_MA,1064
SMFP-35,Control & Reagent,2027-09-01,Revenue,3M_MA,1064
SMFP-35,Control & Reagent,2027-10-01,Revenue,3M_MA,1064
SMFP-35,Control & Reagent,2027-11-01,Revenue,3M_MA,1064
SMFP-35,Control & Reagent,2027-12-01,Revenue,3M_MA,1064
SMFP-36,Control & Reagent,2026-10-01,Quantity,3M_MA,5.333333333333333
SMFP-36,Control & Reagent,2026-11-01,Quantity,3M_MA,5.333333333333333
SMFP-36,Control & Reagent,2026-12-01,Quantity,3M_MA,5.333333333333333
SMFP-36,Control & Reagent,2027-01-01,Quantity,3M_MA,5.333333333333333
SMFP-36,Control & Reagent,2027-02-01,Quantity,3M_MA,5.333333333333333
SMFP-36,Control & Reagent,2027-03-01,Quantity,3M_MA,5.333333333333333
SMFP-36,Control & Reagent,2027-04-01,Quantity,3M_MA,5.333333333333333
SMFP-36,Control & Reagent,2027-05-01,Quantity,3M_MA,5.333333333333333
SMFP-36,Control & Reagent,2027-06-01,Quantity,3M_MA,5.333333333333333
SMFP-36,Control & Reagent,2027-07-01,Quantity,3M_MA,5.333333333333333
SMFP-36,Control & Reagent,2027-08-01,Quantity,3M_MA,5.333333333333333
SMFP-36,Control & Reagent,2027-09-01,Quantity,3M_MA,5.333333333333333
SMFP-36,Control & Reagent,2027-10-01,Quantity,3M_MA,5.333333333333333
SMFP-36,Control & Reagent,2027-11-01,Quantity,3M_MA,5.333333333333333
SMFP-36,Control & Reagent,2027-12-01,Quantity,3M_MA,5.333333333333333
SMFP-36,Control & Reagent,2026-10-01,Revenue,3M_MA,8300
SMFP-36,Control & Reagent,2026-11-01,Revenue,3M_MA,8300
SMFP-36,Control & Reagent,2026-12-01,Revenue,3M_MA,8300
SMFP-36,Control & Reagent,2027-01-01,Revenue,3M_MA,8300
SMFP-36,Control & Reagent,2027-02-01,Revenue,3M_MA,8300
SMFP-36,Control & Reagent,2027-03-01,Revenue,3M_MA,8300
SMFP-36,Control & Reagent,2027-04-01,Revenue,3M_MA,8300
SMFP-36,Control & Reagent,2027-05-01,Revenue,3M_MA,8300
SMFP-36,Control & Reagent,2027-06-01,Revenue,3M_MA,8300
SMFP-36,Control & Reagent,2027-07-01,Revenue,3M_MA,8300
SMFP-36,Control & Reagent,2027-08-01,Revenue,3M_MA,8300
SMFP-36,Control & Reagent,2027-09-01,Revenue,3M_MA,8300
SMFP-36,Control & Reagent,2027-10-01,Revenue,3M_MA,8300
SMFP-36,Control & Reagent,2027-11-01,Revenue,3M_MA,8300
SMFP-36,Control & Reagent,2027-12-01,Revenue,3M_MA,8300
SMFP-62,Control & Reagent,2026-10-01,Quantity,3M_MA,1.6666666666666667
SMFP-62,Control & Reagent,2026-11-01,Quantity,3M_MA,1.6666666666666667
SMFP-62,Control & Reagent,2026-12-01,Quantity,3M_MA,1.6666666666666667
SMFP-62,Control & Reagent,2027-01-01,Quantity,3M_MA,1.6666666666666667
SMFP-62,Control & Reagent,2027-02-01,Quantity,3M_MA,1.6666666666666667
SMFP-62,Control & Reagent,2027-03-01,Quantity,3M_MA,1.6666666666666667
SMFP-62,Control & Reagent,2027-04-01,Quantity,3M_MA,1.6666666666666667
SMFP-62,Control & Reagent,2027-05-01,Quantity,3M_MA,1.6666666666666667
SMFP-62,Control & Reagent,2027-06-01,Quantity,3M_MA,1.6666666666666667
SMFP-62,Control & Reagent,2027-07-01,Quantity,3M_MA,1.6666666666666667
SMFP-62,Control & Reagent,2027-08-01,Quantity,3M_MA,1.6666666666666667
SMFP-62,Control & Reagent,2027-09-01,Quantity,3M_MA,1.6666666666666667
SMFP-62,Control & Reagent,2027-10-01,Quantity,3M_MA,1.6666666666666667
SMFP-62,Control & Reagent,2027-11-01,Quantity,3M_MA,1.6666666666666667
SMFP-62,Control & Reagent,2027-12-01,Quantity,3M_MA,1.6666666666666667
SMFP-62,Control & Reagent,2026-10-01,Revenue,3M_MA,2680
SMFP-62,Control & Reagent,2026-11-01,Revenue,3M_MA,2680
SMFP-62,Control & Reagent,2026-12-01,Revenue,3M_MA,2680
SMFP-62,Control & Reagent,2027-01-01,Revenue,3M_MA,2680
SMFP-62,Control & Reagent,2027-02-01,Revenue,3M_MA,2680
SMFP-62,Control & Reagent,2027-03-01,Revenue,3M_MA,2680
SMFP-62,Control & Reagent,2027-04-01,Revenue,3M_MA,2680
SMFP-62,Control & Reagent,2027-05-01,Revenue,3M_MA,2680
SMFP-62,Control & Reagent,2027-06-01,Revenue,3M_MA,2680
SMFP-62,Control & Reagent,2027-07-01,Revenue,3M_MA,2680
SMFP-62,Control & Reagent,2027-08-01,Revenue,3M_MA,2680
SMFP-62,Control & Reagent,2027-09-01,Revenue,3M_MA,2680
SMFP-62,Control & Reagent,2027-10-01,Revenue,3M_MA,2680
SMFP-62,Control & Reagent,2027-11-01,Revenue,3M_MA,2680
SMFP-62,Control & Reagent,2027-12-01,Revenue,3M_MA,2680
SMFP-67,Control & Reagent,2026-10-01,Quantity,3M_MA,0
SMFP-67,Control & Reagent,2026-11-01,Quantity,3M_MA,0
SMFP-67,Control & Reagent,2026-12-01,Quantity,3M_MA,0
SMFP-67,Control & Reagent,2027-01-01,Quantity,3M_MA,0
SMFP-67,Control & Reagent,2027-02-01,Quantity,3M_MA,0
SMFP-67,Control & Reagent,2027-03-01,Quantity,3M_MA,0
SMFP-67,Control & Reagent,2027-04-01,Quantity,3M_MA,0
SMFP-67,Control & Reagent,2027-05-01,Quantity,3M_MA,0
SMFP-67,Control & Reagent,2027-06-01,Quantity,3M_MA,0
SMFP-67,Control & Reagent,2027-07-01,Quantity,3M_MA,0
SMFP-67,Control & Reagent,2027-08-01,Quantity,3M_MA,0
SMFP-67,Control & Reagent,2027-09-01,Quantity,3M_MA,0
SMFP-67,Control & Reagent,2027-10-01,Quantity,3M_MA,0
SMFP-67,Control & Reagent,2027-11-01,Quantity,3M_MA,0
SMFP-67,Control & Reagent,2027-12-01,Quantity,3M_MA,0
SMFP-67,Control & Reagent,2026-10-01,Revenue,3M_MA,0
SMFP-67,Control & Reagent,2026-11-01,Revenue,3M_MA,0
SMFP-67,Control & Reagent,2026-12-01,Revenue,3M_MA,0
SMFP-67,Control & Reagent,2027-01-01,Revenue,3M_MA,0
SMFP-67,Control & Reagent,2027-02-01,Revenue,3M_MA,0
SMFP-67,Control & Reagent,2027-03-01,Revenue,3M_MA,0
SMFP-67,Control & Reagent,2027-04-01,Revenue,3M_MA,0
SMFP-67,Control & Reagent,2027-05-01,Revenue,3M_MA,0
SMFP-67,Control & Reagent,2027-06-01,Revenue,3M_MA,0
SMFP-67,Control & Reagent,2027-07-01,Revenue,3M_MA,0
SMFP-67,Control & Reagent,2027-08-01,Revenue,3M_MA,0
SMFP-67,Control & Reagent,2027-09-01,Revenue,3M_MA,0
SMFP-67,Control & Reagent,2027-10-01,Revenue,3M_MA,0
SMFP-67,Control & Reagent,2027-11-01,Revenue,3M_MA,0
SMFP-67,Control & Reagent,2027-12-01,Revenue,3M_MA,0
SMFP-74,Control & Reagent,2026-10-01,Quantity,3M_MA,0
SMFP-74,Control & Reagent,2026-11-01,Quantity,3M_MA,0
SMFP-74,Control & Reagent,2026-12-01,Quantity,3M_MA,0
SMFP-74,Control & Reagent,2027-01-01,Quantity,3M_MA,0
SMFP-74,Control & Reagent,2027-02-01,Quantity,3M_MA,0
SMFP-74,Control & Reagent,2027-03-01,Quantity,3M_MA,0
SMFP-74,Control & Reagent,2027-04-01,Quantity,3M_MA,0
SMFP-74,Control & Reagent,2027-05-01,Quantity,3M_MA,0
SMFP-74,Control & Reagent,2027-06-01,Quantity,3M_MA,0
SMFP-74,Control & Reagent,2027-07-01,Quantity,3M_MA,0
SMFP-74,Control & Reagent,2027-08-01,Quantity,3M_MA,0
SMFP-74,Control & Reagent,2027-09-01,Quantity,3M_MA,0
SMFP-74,Control & Reagent,2027-10-01,Quantity,3M_MA,0
SMFP-74,Control & Reagent,2027-11-01,Quantity,3M_MA,0
SMFP-74,Control & Reagent,2027-12-01,Quantity,3M_MA,0
SMFP-74,Control & Reagent,2026-10-01,Revenue,3M_MA,0
SMFP-74,Control & Reagent,2026-11-01,Revenue,3M_MA,0
SMFP-74,Control & Reagent,2026-12-01,Revenue,3M_MA,0
SMFP-74,Control & Reagent,2027-01-01,Revenue,3M_MA,0
SMFP-74,Control & Reagent,2027-02-01,Revenue,3M_MA,0
SMFP-74,Control & Reagent,2027-03-01,Revenue,3M_MA,0
SMFP-74,Control & Reagent,2027-04-01,Revenue,3M_MA,0
SMFP-74,Control & Reagent,2027-05-01,Revenue,3M_MA,0
SMFP-74,Control & Reagent,2027-06-01,Revenue,3M_MA,0
SMFP-74,Control & Reagent,2027-07-01,Revenue,3M_MA,0
SMFP-74,Control & Reagent,2027-08-01,Revenue,3M_MA,0
SMFP-74,Control & Reagent,2027-09-01,Revenue,3M_MA,0
SMFP-74,Control & Reagent,2027-10-01,Revenue,3M_MA,0
SMFP-74,Control & Reagent,2027-11-01,Revenue,3M_MA,0
SMFP-74,Control & Reagent,2027-12-01,Revenue,3M_MA,0
SMFP-75,Control & Reagent,2026-10-01,Quantity,3M_MA,1
SMFP-75,Control & Reagent,2026-11-01,Quantity,3M_MA,1
SMFP-75,Control & Reagent,2026-12-01,Quantity,3M_MA,1
SMFP-75,Control & Reagent,2027-01-01,Quantity,3M_MA,1
SMFP-75,Control & Reagent,2027-02-01,Quantity,3M_MA,1
SMFP-75,Control & Reagent,2027-03-01,Quantity,3M_MA,1
SMFP-75,Control & Reagent,2027-04-01,Quantity,3M_MA,1
SMFP-75,Control & Reagent,2027-05-01,Quantity,3M_MA,1
SMFP-75,Control & Reagent,2027-06-01,Quantity,3M_MA,1
SMFP-75,Control & Reagent,2027-07-01,Quantity,3M_MA,1
SMFP-75,Control & Reagent,2027-08-01,Quantity,3M_MA,1
SMFP-75,Control & Reagent,2027-09-01,Quantity,3M_MA,1
SMFP-75,Control & Reagent,2027-10-01,Quantity,3M_MA,1
SMFP-75,Control & Reagent,2027-11-01,Quantity,3M_MA,1
SMFP-75,Control & Reagent,2027-12-01,Quantity,3M_MA,1
SMFP-75,Control & Reagent,2026-10-01,Revenue,3M_MA,4400
SMFP-75,Control & Reagent,2026-11-01,Revenue,3M_MA,4400
SMFP-75,Control & Reagent,2026-12-01,Revenue,3M_MA,4400
SMFP-75,Control & Reagent,2027-01-01,Revenue,3M_MA,4400
SMFP-75,Control & Reagent,2027-02-01,Revenue,3M_MA,4400
SMFP-75,Control & Reagent,2027-03-01,Revenue,3M_MA,4400
SMFP-75,Control & Reagent,2027-04-01,Revenue,3M_MA,4400
SMFP-75,Control & Reagent,2027-05-01,Revenue,3M_MA,4400
SMFP-75,Control & Reagent,2027-06-01,Revenue,3M_MA,4400
SMFP-75,Control & Reagent,2027-07-01,Revenue,3M_MA,4400
SMFP-75,Control & Reagent,2027-08-01,Revenue,3M_MA,4400
SMFP-75,Control & Reagent,2027-09-01,Revenue,3M_MA,4400
SMFP-75,Control & Reagent,2027-10-01,Revenue,3M_MA,4400
SMFP-75,Control & Reagent,2027-11-01,Revenue,3M_MA,4400
SMFP-75,Control & Reagent,2027-12-01,Revenue,3M_MA,4400
SMFP-75 (L),Control & Reagent,2026-10-01,Quantity,3M_MA,0
SMFP-75 (L),Control & Reagent,2026-11-01,Quantity,3M_MA,0
SMFP-75 (L),Control & Reagent,2026-12-01,Quantity,3M_MA,0
SMFP-75 (L),Control & Reagent,2027-01-01,Quantity,3M_MA,0
SMFP-75 (L),Control & Reagent,2027-02-01,Quantity,3M_MA,0
SMFP-75 (L),Control & Reagent,2027-03-01,Quantity,3M_MA,0
SMFP-75 (L),Control & Reagent,2027-04-01,Quantity,3M_MA,0
SMFP-75 (L),Control & Reagent,2027-05-01,Quantity,3M_MA,0
SMFP-75 (L),Control & Reagent,2027-06-01,Quantity,3M_MA,0
SMFP-75 (L),Control & Reagent,2027-07-01,Quantity,3M_MA,0
SMFP-75 (L),Control & Reagent,2027-08-01,Quantity,3M_MA,0
SMFP-75 (L),Control & Reagent,2027-09-01,Quantity,3M_MA,0
SMFP-75 (L),Control & Reagent,2027-10-01,Quantity,3M_MA,0
SMFP-75 (L),Control & Reagent,2027-11-01,Quantity,3M_MA,0
SMFP-75 (L),Control & Reagent,2027-12-01,Quantity,3M_MA,0
SMFP-75 (L),Control & Reagent,2026-10-01,Revenue,3M_MA,0
SMFP-75 (L),Control & Reagent,2026-11-01,Revenue,3M_MA,0
SMFP-75 (L),Control & Reagent,2026-12-01,Revenue,3M_MA,0
SMFP-75 (L),Control & Reagent,2027-01-01,Revenue,3M_MA,0
SMFP-75 (L),Control & Reagent,2027-02-01,Revenue,3M_MA,0
SMFP-75 (L),Control & Reagent,2027-03-01,Revenue,3M_MA,0
SMFP-75 (L),Control & Reagent,2027-04-01,Revenue,3M_MA,0
SMFP-75 (L),Control & Reagent,2027-05-01,Revenue,3M_MA,0
SMFP-75 (L),Control & Reagent,2027-06-01,Revenue,3M_MA,0
SMFP-75 (L),Control & Reagent,2027-07-01,Revenue,3M_MA,0
SMFP-75 (L),Control & Reagent,2027-08-01,Revenue,3M_MA,0
SMFP-75 (L),Control & Reagent,2027-09-01,Revenue,3M_MA,0
SMFP-75 (L),Control & Reagent,2027-10-01,Revenue,3M_MA,0
SMFP-75 (L),Control & Reagent,2027-11-01,Revenue,3M_MA,0
SMFP-75 (L),Control & Reagent,2027-12-01,Revenue,3M_MA,0
SMFP-76,Control & Reagent,2026-10-01,Quantity,3M_MA,0.6666666666666666
SMFP-76,Control & Reagent,2026-11-01,Quantity,3M_MA,0.6666666666666666
SMFP-76,Control & Reagent,2026-12-01,Quantity,3M_MA,0.6666666666666666
SMFP-76,Control & Reagent,2027-01-01,Quantity,3M_MA,0.6666666666666666
SMFP-76,Control & Reagent,2027-02-01,Quantity,3M_MA,0.6666666666666666
SMFP-76,Control & Reagent,2027-03-01,Quantity,3M_MA,0.6666666666666666
SMFP-76,Control & Reagent,2027-04-01,Quantity,3M_MA,0.6666666666666666
SMFP-76,Control & Reagent,2027-05-01,Quantity,3M_MA,0.6666666666666666
SMFP-76,Control & Reagent,2027-06-01,Quantity,3M_MA,0.6666666666666666
SMFP-76,Control & Reagent,2027-07-01,Quantity,3M_MA,0.6666666666666666
SMFP-76,Control & Reagent,2027-08-01,Quantity,3M_MA,0.6666666666666666
SMFP-76,Control & Reagent,2027-09-01,Quantity,3M_MA,0.6666666666666666
SMFP-76,Control & Reagent,2027-10-01,Quantity,3M_MA,0.6666666666666666
SMFP-76,Control & Reagent,2027-11-01,Quantity,3M_MA,0.6666666666666666
SMFP-76,Control & Reagent,2027-12-01,Quantity,3M_MA,0.6666666666666666
SMFP-76,Control & Reagent,2026-10-01,Revenue,3M_MA,3120
SMFP-76,Control & Reagent,2026-11-01,Revenue,3M_MA,3120
SMFP-76,Control & Reagent,2026-12-01,Revenue,3M_MA,3120
SMFP-76,Control & Reagent,2027-01-01,Revenue,3M_MA,3120
SMFP-76,Control & Reagent,2027-02-01,Revenue,3M_MA,3120
SMFP-76,Control & Reagent,2027-03-01,Revenue,3M_MA,3120
SMFP-76,Control & Reagent,2027-04-01,Revenue,3M_MA,3120
SMFP-76,Control & Reagent,2027-05-01,Revenue,3M_MA,3120
SMFP-76,Control & Reagent,2027-06-01,Revenue,3M_MA,3120
SMFP-76,Control & Reagent,2027-07-01,Revenue,3M_MA,3120
SMFP-76,Control & Reagent,2027-08-01,Revenue,3M_MA,3120
SMFP-76,Control & Reagent,2027-09-01,Revenue,3M_MA,3120
SMFP-76,Control & Reagent,2027-10-01,Revenue,3M_MA,3120
SMFP-76,Control & Reagent,2027-11-01,Revenue,3M_MA,3120
SMFP-76,Control & Reagent,2027-12-01,Revenue,3M_MA,3120
SMFP-78,Control & Reagent,2026-10-01,Quantity,3M_MA,0
SMFP-78,Control & Reagent,2026-11-01,Quantity,3M_MA,0
SMFP-78,Control & Reagent,2026-12-01,Quantity,3M_MA,0
SMFP-78,Control & Reagent,2027-01-01,Quantity,3M_MA,0
SMFP-78,Control & Reagent,2027-02-01,Quantity,3M_MA,0
SMFP-78,Control & Reagent,2027-03-01,Quantity,3M_MA,0
SMFP-78,Control & Reagent,2027-04-01,Quantity,3M_MA,0
SMFP-78,Control & Reagent,2027-05-01,Quantity,3M_MA,0
SMFP-78,Control & Reagent,2027-06-01,Quantity,3M_MA,0
SMFP-78,Control & Reagent,2027-07-01,Quantity,3M_MA,0
SMFP-78,Control & Reagent,2027-08-01,Quantity,3M_MA,0
SMFP-78,Control & Reagent,2027-09-01,Quantity,3M_MA,0
SMFP-78,Control & Reagent,2027-10-01,Quantity,3M_MA,0
SMFP-78,Control & Reagent,2027-11-01,Quantity,3M_MA,0
SMFP-78,Control & Reagent,2027-12-01,Quantity,3M_MA,0
SMFP-78,Control & Reagent,2026-10-01,Revenue,3M_MA,0
SMFP-78,Control & Reagent,2026-11-01,Revenue,3M_MA,0
SMFP-78,Control & Reagent,2026-12-01,Revenue,3M_MA,0
SMFP-78,Control & Reagent,2027-01-01,Revenue,3M_MA,0
SMFP-78,Control & Reagent,2027-02-01,Revenue,3M_MA,0
SMFP-78,Control & Reagent,2027-03-01,Revenue,3M_MA,0
SMFP-78,Control & Reagent,2027-04-01,Revenue,3M_MA,0
SMFP-78,Control & Reagent,2027-05-01,Revenue,3M_MA,0
SMFP-78,Control & Reagent,2027-06-01,Revenue,3M_MA,0
SMFP-78,Control & Reagent,2027-07-01,Revenue,3M_MA,0
SMFP-78,Control & Reagent,2027-08-01,Revenue,3M_MA,0
SMFP-78,Control & Reagent,2027-09-01,Revenue,3M_MA,0
SMFP-78,Control & Reagent,2027-10-01,Revenue,3M_MA,0
SMFP-78,Control & Reagent,2027-11-01,Revenue,3M_MA,0
SMFP-78,Control & Reagent,2027-12-01,Revenue,3M_MA,0
SMFP-83,Control & Reagent,2026-10-01,Quantity,3M_MA,0
SMFP-83,Control & Reagent,2026-11-01,Quantity,3M_MA,0
SMFP-83,Control & Reagent,2026-12-01,Quantity,3M_MA,0
SMFP-83,Control & Reagent,2027-01-01,Quantity,3M_MA,0
SMFP-83,Control & Reagent,2027-02-01,Quantity,3M_MA,0
SMFP-83,Control & Reagent,2027-03-01,Quantity,3M_MA,0
SMFP-83,Control & Reagent,2027-04-01,Quantity,3M_MA,0
SMFP-83,Control & Reagent,2027-05-01,Quantity,3M_MA,0
SMFP-83,Control & Reagent,2027-06-01,Quantity,3M_MA,0
SMFP-83,Control & Reagent,2027-07-01,Quantity,3M_MA,0
SMFP-83,Control & Reagent,2027-08-01,Quantity,3M_MA,0
SMFP-83,Control & Reagent,2027-09-01,Quantity,3M_MA,0
SMFP-83,Control & Reagent,2027-10-01,Quantity,3M_MA,0
SMFP-83,Control & Reagent,2027-11-01,Quantity,3M_MA,0
SMFP-83,Control & Reagent,2027-12-01,Quantity,3M_MA,0
SMFP-83,Control & Reagent,2026-10-01,Revenue,3M_MA,0
SMFP-83,Control & Reagent,2026-11-01,Revenue,3M_MA,0
SMFP-83,Control & Reagent,2026-12-01,Revenue,3M_MA,0
SMFP-83,Control & Reagent,2027-01-01,Revenue,3M_MA,0
SMFP-83,Control & Reagent,2027-02-01,Revenue,3M_MA,0
SMFP-83,Control & Reagent,2027-03-01,Revenue,3M_MA,0
SMFP-83,Control & Reagent,2027-04-01,Revenue,3M_MA,0
SMFP-83,Control & Reagent,2027-05-01,Revenue,3M_MA,0
SMFP-83,Control & Reagent,2027-06-01,Revenue,3M_MA,0
SMFP-83,Control & Reagent,2027-07-01,Revenue,3M_MA,0
SMFP-83,Control & Reagent,2027-08-01,Revenue,3M_MA,0
SMFP-83,Control & Reagent,2027-09-01,Revenue,3M_MA,0
SMFP-83,Control & Reagent,2027-10-01,Revenue,3M_MA,0
SMFP-83,Control & Reagent,2027-11-01,Revenue,3M_MA,0
SMFP-83,Control & Reagent,2027-12-01,Revenue,3M_MA,0
SMFP-84,Control & Reagent,2026-10-01,Quantity,3M_MA,0
SMFP-84,Control & Reagent,2026-11-01,Quantity,3M_MA,0
SMFP-84,Control & Reagent,2026-12-01,Quantity,3M_MA,0
SMFP-84,Control & Reagent,2027-01-01,Quantity,3M_MA,0
SMFP-84,Control & Reagent,2027-02-01,Quantity,3M_MA,0
SMFP-84,Control & Reagent,2027-03-01,Quantity,3M_MA,0
SMFP-84,Control & Reagent,2027-04-01,Quantity,3M_MA,0
SMFP-84,Control & Reagent,2027-05-01,Quantity,3M_MA,0
SMFP-84,Control & Reagent,2027-06-01,Quantity,3M_MA,0
SMFP-84,Control & Reagent,2027-07-01,Quantity,3M_MA,0
SMFP-84,Control & Reagent,2027-08-01,Quantity,3M_MA,0
SMFP-84,Control & Reagent,2027-09-01,Quantity,3M_MA,0
SMFP-84,Control & Reagent,2027-10-01,Quantity,3M_MA,0
SMFP-84,Control & Reagent,2027-11-01,Quantity,3M_MA,0
SMFP-84,Control & Reagent,2027-12-01,Quantity,3M_MA,0
SMFP-84,Control & Reagent,2026-10-01,Revenue,3M_MA,0
SMFP-84,Control & Reagent,2026-11-01,Revenue,3M_MA,0
SMFP-84,Control & Reagent,2026-12-01,Revenue,3M_MA,0
SMFP-84,Control & Reagent,2027-01-01,Revenue,3M_MA,0
SMFP-84,Control & Reagent,2027-02-01,Revenue,3M_MA,0
SMFP-84,Control & Reagent,2027-03-01,Revenue,3M_MA,0
SMFP-84,Control & Reagent,2027-04-01,Revenue,3M_MA,0
SMFP-84,Control & Reagent,2027-05-01,Revenue,3M_MA,0
SMFP-84,Control & Reagent,2027-06-01,Revenue,3M_MA,0
SMFP-84,Control & Reagent,2027-07-01,Revenue,3M_MA,0
SMFP-84,Control & Reagent,2027-08-01,Revenue,3M_MA,0
SMFP-84,Control & Reagent,2027-09-01,Revenue,3M_MA,0
SMFP-84,Control & Reagent,2027-10-01,Revenue,3M_MA,0
SMFP-84,Control & Reagent,2027-11-01,Revenue,3M_MA,0
SMFP-84,Control & Reagent,2027-12-01,Revenue,3M_MA,0
SMFP-86,Control & Reagent,2026-10-01,Quantity,3M_MA,0.3333333333333333
SMFP-86,Control & Reagent,2026-11-01,Quantity,3M_MA,0.3333333333333333
SMFP-86,Control & Reagent,2026-12-01,Quantity,3M_MA,0.3333333333333333
SMFP-86,Control & Reagent,2027-01-01,Quantity,3M_MA,0.3333333333333333
SMFP-86,Control & Reagent,2027-02-01,Quantity,3M_MA,0.3333333333333333
SMFP-86,Control & Reagent,2027-03-01,Quantity,3M_MA,0.3333333333333333
SMFP-86,Control & Reagent,2027-04-01,Quantity,3M_MA,0.3333333333333333
SMFP-86,Control & Reagent,2027-05-01,Quantity,3M_MA,0.3333333333333333
SMFP-86,Control & Reagent,2027-06-01,Quantity,3M_MA,0.3333333333333333
SMFP-86,Control & Reagent,2027-07-01,Quantity,3M_MA,0.3333333333333333
SMFP-86,Control & Reagent,2027-08-01,Quantity,3M_MA,0.3333333333333333
SMFP-86,Control & Reagent,2027-09-01,Quantity,3M_MA,0.3333333333333333
SMFP-86,Control & Reagent,2027-10-01,Quantity,3M_MA,0.3333333333333333
SMFP-86,Control & Reagent,2027-11-01,Quantity,3M_MA,0.3333333333333333
SMFP-86,Control & Reagent,2027-12-01,Quantity,3M_MA,0.3333333333333333
SMFP-86,Control & Reagent,2026-10-01,Revenue,3M_MA,1280
SMFP-86,Control & Reagent,2026-11-01,Revenue,3M_MA,1280
SMFP-86,Control & Reagent,2026-12-01,Revenue,3M_MA,1280
SMFP-86,Control & Reagent,2027-01-01,Revenue,3M_MA,1280
SMFP-86,Control & Reagent,2027-02-01,Revenue,3M_MA,1280
SMFP-86,Control & Reagent,2027-03-01,Revenue,3M_MA,1280
SMFP-86,Control & Reagent,2027-04-01,Revenue,3M_MA,1280
SMFP-86,Control & Reagent,2027-05-01,Revenue,3M_MA,1280
SMFP-86,Control & Reagent,2027-06-01,Revenue,3M_MA,1280
SMFP-86,Control & Reagent,2027-07-01,Revenue,3M_MA,1280
SMFP-86,Control & Reagent,2027-08-01,Revenue,3M_MA,1280
SMFP-86,Control & Reagent,2027-09-01,Revenue,3M_MA,1280
SMFP-86,Control & Reagent,2027-10-01,Revenue,3M_MA,1280
SMFP-86,Control & Reagent,2027-11-01,Revenue,3M_MA,1280
SMFP-86,Control & Reagent,2027-12-01,Revenue,3M_MA,1280
SMFP-95,Control & Reagent,2026-10-01,Quantity,3M_MA,11
SMFP-95,Control & Reagent,2026-11-01,Quantity,3M_MA,11
SMFP-95,Control & Reagent,2026-12-01,Quantity,3M_MA,11
SMFP-95,Control & Reagent,2027-01-01,Quantity,3M_MA,11
SMFP-95,Control & Reagent,2027-02-01,Quantity,3M_MA,11
SMFP-95,Control & Reagent,2027-03-01,Quantity,3M_MA,11
SMFP-95,Control & Reagent,2027-04-01,Quantity,3M_MA,11
SMFP-95,Control & Reagent,2027-05-01,Quantity,3M_MA,11
SMFP-95,Control & Reagent,2027-06-01,Quantity,3M_MA,11
SMFP-95,Control & Reagent,2027-07-01,Quantity,3M_MA,11
SMFP-95,Control & Reagent,2027-08-01,Quantity,3M_MA,11
SMFP-95,Control & Reagent,2027-09-01,Quantity,3M_MA,11
SMFP-95,Control & Reagent,2027-10-01,Quantity,3M_MA,11
SMFP-95,Control & Reagent,2027-11-01,Quantity,3M_MA,11
SMFP-95,Control & Reagent,2027-12-01,Quantity,3M_MA,11
SMFP-95,Control & Reagent,2026-10-01,Revenue,3M_MA,8984
SMFP-95,Control & Reagent,2026-11-01,Revenue,3M_MA,8984
SMFP-95,Control & Reagent,2026-12-01,Revenue,3M_MA,8984
SMFP-95,Control & Reagent,2027-01-01,Revenue,3M_MA,8984
SMFP-95,Control & Reagent,2027-02-01,Revenue,3M_MA,8984
SMFP-95,Control & Reagent,2027-03-01,Revenue,3M_MA,8984
SMFP-95,Control & Reagent,2027-04-01,Revenue,3M_MA,8984
SMFP-95,Control & Reagent,2027-05-01,Revenue,3M_MA,8984
SMFP-95,Control & Reagent,2027-06-01,Revenue,3M_MA,8984
SMFP-95,Control & Reagent,2027-07-01,Revenue,3M_MA,8984
SMFP-95,Control & Reagent,2027-08-01,Revenue,3M_MA,8984
SMFP-95,Control & Reagent,2027-09-01,Revenue,3M_MA,8984
SMFP-95,Control & Reagent,2027-10-01,Revenue,3M_MA,8984
SMFP-95,Control & Reagent,2027-11-01,Revenue,3M_MA,8984
SMFP-95,Control & Reagent,2027-12-01,Revenue,3M_MA,8984
SMFP-99,Control & Reagent,2026-10-01,Quantity,3M_MA,7
SMFP-99,Control & Reagent,2026-11-01,Quantity,3M_MA,7
SMFP-99,Control & Reagent,2026-12-01,Quantity,3M_MA,7
SMFP-99,Control & Reagent,2027-01-01,Quantity,3M_MA,7
SMFP-99,Control & Reagent,2027-02-01,Quantity,3M_MA,7
SMFP-99,Control & Reagent,2027-03-01,Quantity,3M_MA,7
SMFP-99,Control & Reagent,2027-04-01,Quantity,3M_MA,7
SMFP-99,Control & Reagent,2027-05-01,Quantity,3M_MA,7
SMFP-99,Control & Reagent,2027-06-01,Quantity,3M_MA,7
SMFP-99,Control & Reagent,2027-07-01,Quantity,3M_MA,7
SMFP-99,Control & Reagent,2027-08-01,Quantity,3M_MA,7
SMFP-99,Control & Reagent,2027-09-01,Quantity,3M_MA,7
SMFP-99,Control & Reagent,2027-10-01,Quantity,3M_MA,7
SMFP-99,Control & Reagent,2027-11-01,Quantity,3M_MA,7
SMFP-99,Control & Reagent,2027-12-01,Quantity,3M_MA,7
SMFP-99,Control & Reagent,2026-10-01,Revenue,3M_MA,7280
SMFP-99,Control & Reagent,2026-11-01,Revenue,3M_MA,7280
SMFP-99,Control & Reagent,2026-12-01,Revenue,3M_MA,7280
SMFP-99,Control & Reagent,2027-01-01,Revenue,3M_MA,7280
SMFP-99,Control & Reagent,2027-02-01,Revenue,3M_MA,7280
SMFP-99,Control & Reagent,2027-03-01,Revenue,3M_MA,7280
SMFP-99,Control & Reagent,2027-04-01,Revenue,3M_MA,7280
SMFP-99,Control & Reagent,2027-05-01,Revenue,3M_MA,7280
SMFP-99,Control & Reagent,2027-06-01,Revenue,3M_MA,7280
SMFP-99,Control & Reagent,2027-07-01,Revenue,3M_MA,7280
SMFP-99,Control & Reagent,2027-08-01,Revenue,3M_MA,7280
SMFP-99,Control & Reagent,2027-09-01,Revenue,3M_MA,7280
SMFP-99,Control & Reagent,2027-10-01,Revenue,3M_MA,7280
SMFP-99,Control & Reagent,2027-11-01,Revenue,3M_MA,7280
SMFP-99,Control & Reagent,2027-12-01,Revenue,3M_MA,7280
